name,description,archetype,realized_pnl,closed_trades,win_rate_pct,profit_factor,max_drawdown_pct,total_costs,expectancy,sharpe_ratio,sortino_ratio,calmar_ratio,avg_win,avg_loss,payoff_ratio,avg_hold_bars,dominant_exit,dominant_exit_share_pct,component_count,combo_outperformance_score,combo_trade_overlap_pct,best_regime,best_unified_regime,best_regime_pnl,worst_regime,worst_unified_regime,worst_regime_pnl,dominant_regime_share_pct,regime_stability_score,regime_loss_ratio,regime_trade_count_by_label,regime_pnl_by_label,regime_pf_by_label,regime_win_rate_by_label,regime_filter_label,broker_swap_available,broker_swap_long,broker_swap_short,broker_preferred_carry_side,broker_carry_spread,mc_simulations,mc_pnl_median,mc_pnl_p05,mc_pnl_p95,mc_max_drawdown_pct_median,mc_max_drawdown_pct_p95,mc_loss_probability_pct,walk_forward_windows,walk_forward_pass_rate_pct,walk_forward_avg_validation_pnl,walk_forward_avg_test_pnl,walk_forward_avg_validation_pf,walk_forward_avg_test_pf,train_pnl,validation_pnl,validation_profit_factor,validation_closed_trades,test_pnl,test_profit_factor,test_closed_trades,trade_log_path,trade_analysis_path
forex_trend_continuation__5m_europe,Forex trend continuation [5m_europe],single,-212.13859,20,0.00000,0.00000,0.21214,0.93449,-10.60693,-2.16536,-0.91188,-1.00000,0.00000,-10.60693,0.00000,2.00000,structure_exit,80.00000,1,0.00000,0.00000,trend_up_vol_low,orderly_trend,-10.90677,trend_flat_vol_mid,orderly_range,-72.56883,35.00000,0.00000,999.00000,"{""trend_flat_vol_low"": 3, ""trend_flat_vol_mid"": 7, ""trend_up_vol_high"": 2, ""trend_up_vol_low"": 2, ""trend_up_vol_mid"": 6}","{""trend_flat_vol_low"": -17.702848580331988, ""trend_flat_vol_mid"": -72.5688343659948, ""trend_up_vol_high"": -39.159635019667604, ""trend_up_vol_low"": -10.906773034861914, ""trend_up_vol_mid"": -71.80050082297468}","{""trend_flat_vol_low"": 0.0, ""trend_flat_vol_mid"": 0.0, ""trend_up_vol_high"": 0.0, ""trend_up_vol_low"": 0.0, ""trend_up_vol_mid"": 0.0}","{""trend_flat_vol_low"": 0.0, ""trend_flat_vol_mid"": 0.0, ""trend_up_vol_high"": 0.0, ""trend_up_vol_low"": 0.0, ""trend_up_vol_mid"": 0.0}",,1,-17.28000,1.19000,short,-18.47000,500,-210.97341,-246.32642,-177.44752,0.21097,0.24633,100.00000,2,0.00000,-53.73658,-92.78731,0.00000,0.00000,-44.91408,-78.39012,0.00000,5,-82.04562,0.00000,7,artifacts\research\xagusd\candidates\forex_trend_continuation__5m_europe_5m_europe_symbol_candidate_trades.csv,artifacts\research\xagusd\candidates\forex_trend_continuation__5m_europe_5m_europe_symbol_candidate_analysis.txt
forex_range_reversion__5m_europe,Forex range reversion [5m_europe],single,-23.62327,4,0.00000,0.00000,0.02362,0.11070,-5.90582,-11.04268,-0.99694,-1.00000,0.00000,-5.90582,0.00000,1.00000,structure_exit,100.00000,1,0.00000,0.00000,trend_flat_vol_mid,orderly_range,-6.69469,trend_flat_vol_low,compressed_range,-16.92858,75.00000,0.00000,999.00000,"{""trend_flat_vol_low"": 3, ""trend_flat_vol_mid"": 1}","{""trend_flat_vol_low"": -16.92857865366828, ""trend_flat_vol_mid"": -6.69469079565121}","{""trend_flat_vol_low"": 0.0, ""trend_flat_vol_mid"": 0.0}","{""trend_flat_vol_low"": 0.0, ""trend_flat_vol_mid"": 0.0}",,1,-17.28000,1.19000,short,-18.47000,500,-23.62327,-24.86685,-22.37969,0.02362,0.02487,100.00000,2,0.00000,0.00000,0.00000,0.00000,0.00000,-17.94308,0.00000,0.00000,0,0.00000,0.00000,0,artifacts\research\xagusd\candidates\forex_range_reversion__5m_europe_5m_europe_symbol_candidate_trades.csv,artifacts\research\xagusd\candidates\forex_range_reversion__5m_europe_5m_europe_symbol_candidate_analysis.txt
forex_breakout_momentum__5m_europe,Forex breakout momentum [5m_europe],single,-885.17851,166,13.25301,0.19855,1.00055,5.80248,-5.33240,-0.45804,-0.53621,-0.88469,9.96803,-7.66997,1.29962,112.19277,stop_loss,42.77108,1,0.00000,0.00000,trend_flat_vol_high,dislocated_chop,59.73435,trend_flat_vol_mid,orderly_range,-410.54657,42.16867,0.05946,6.87287,"{""trend_down_vol_high"": 5, ""trend_down_vol_mid"": 3, ""trend_flat_vol_high"": 14, ""trend_flat_vol_low"": 43, ""trend_flat_vol_mid"": 70, ""trend_up_vol_high"": 7, ""trend_up_vol_low"": 7, ""trend_up_vol_mid"": 17}","{""trend_down_vol_high"": -112.53939252721695, ""trend_down_vol_mid"": -23.219381822338907, ""trend_flat_vol_high"": 59.73435208571953, ""trend_flat_vol_low"": -246.57330019572424, ""trend_flat_vol_mid"": -410.54656654215137, ""trend_up_vol_high"": -27.92363038841707, ""trend_up_vol_low"": -27.50342237672896, ""trend_up_vol_mid"": -96.60716539125836}","{""trend_down_vol_high"": 0.0, ""trend_down_vol_mid"": 0.0, ""trend_flat_vol_high"": 1.7399639813176357, ""trend_flat_vol_low"": 0.0002536526764951333, ""trend_flat_vol_mid"": 0.11313543679975638, ""trend_up_vol_high"": 0.30345514033059034, ""trend_up_vol_low"": 0.04775378385595454, ""trend_up_vol_mid"": 0.11745276363805801}","{""trend_down_vol_high"": 0.0, ""trend_down_vol_mid"": 0.0, ""trend_flat_vol_high"": 28.57142857142857, ""trend_flat_vol_low"": 2.3255813953488373, ""trend_flat_vol_mid"": 15.714285714285714, ""trend_up_vol_high"": 14.285714285714285, ""trend_up_vol_low"": 14.285714285714285, ""trend_up_vol_mid"": 23.52941176470588}",,1,-17.28000,1.19000,short,-18.47000,500,-900.55965,-1116.49896,-644.99218,0.90814,1.12192,100.00000,2,0.00000,-379.89254,-268.18294,0.38105,0.54613,-690.34072,-360.00643,0.50323,60,-246.13559,0.52863,63,artifacts\research\xagusd\candidates\forex_breakout_momentum__5m_europe_5m_europe_symbol_candidate_trades.csv,artifacts\research\xagusd\candidates\forex_breakout_momentum__5m_europe_5m_europe_symbol_candidate_analysis.txt
forex_short_trend_continuation__5m_europe,Forex short trend continuation [5m_europe],single,-50.05482,17,29.41176,0.42043,0.05535,0.62977,-2.94440,-0.32860,-0.31099,-0.90440,7.26221,-7.19716,1.00904,2.05882,structure_exit,35.29412,1,0.00000,0.00000,trend_down_vol_mid,orderly_trend,9.78453,trend_flat_vol_high,dislocated_chop,-26.13703,41.17647,0.14053,2.67126,"{""trend_down_vol_low"": 1, ""trend_down_vol_mid"": 4, ""trend_flat_vol_high"": 1, ""trend_flat_vol_low"": 4, ""trend_flat_vol_mid"": 7}","{""trend_down_vol_low"": -4.372474541326477, ""trend_down_vol_mid"": 9.78452925847558, ""trend_flat_vol_high"": -26.137031276744448, ""trend_flat_vol_low"": -20.550183094296486, ""trend_flat_vol_mid"": -8.779663773437461}","{""trend_down_vol_low"": 0.0, ""trend_down_vol_mid"": 3.246287079059245, ""trend_flat_vol_high"": 0.0, ""trend_flat_vol_low"": 0.0, ""trend_flat_vol_mid"": 0.7163304589741288}","{""trend_down_vol_low"": 0.0, ""trend_down_vol_mid"": 75.0, ""trend_flat_vol_high"": 0.0, ""trend_flat_vol_low"": 0.0, ""trend_flat_vol_mid"": 28.57142857142857}",,1,-17.28000,1.19000,short,-18.47000,500,-47.47922,-110.24520,6.49640,0.05907,0.11683,92.40000,2,0.00000,-27.65531,2.64567,0.13645,499.50000,-33.41624,-21.92992,0.16096,2,5.29134,999.00000,1,artifacts\research\xagusd\candidates\forex_short_trend_continuation__5m_europe_5m_europe_symbol_candidate_trades.csv,artifacts\research\xagusd\candidates\forex_short_trend_continuation__5m_europe_5m_europe_symbol_candidate_analysis.txt
forex_short_breakdown_momentum__5m_europe,Forex short breakdown momentum [5m_europe],single,49.34500,209,11.00478,1.04081,1.00868,6.50615,0.23610,0.00323,0.03159,0.04892,54.72200,-6.50140,8.41695,119.93301,structure_exit,51.19617,1,0.00000,0.00000,trend_flat_vol_mid,orderly_range,556.69265,trend_flat_vol_low,compressed_range,-241.43960,43.06220,0.52314,0.43370,"{""trend_down_vol_high"": 11, ""trend_down_vol_low"": 2, ""trend_down_vol_mid"": 26, ""trend_flat_vol_high"": 18, ""trend_flat_vol_low"": 47, ""trend_flat_vol_mid"": 90, ""trend_up_vol_high"": 7, ""trend_up_vol_mid"": 8}","{""trend_down_vol_high"": -3.241498204047887, ""trend_down_vol_low"": -8.791892891087313, ""trend_down_vol_mid"": -110.13094329123919, ""trend_flat_vol_high"": 1.2015003054298035, ""trend_flat_vol_low"": -241.43960367805136, ""trend_flat_vol_mid"": 556.6926476177748, ""trend_up_vol_high"": -90.07202606819482, ""trend_up_vol_mid"": -54.87318446937386}","{""trend_down_vol_high"": 0.9166490692437874, ""trend_down_vol_low"": 0.0, ""trend_down_vol_mid"": 0.18500364329021593, ""trend_flat_vol_high"": 1.0104421908140886, ""trend_flat_vol_low"": 0.00024265227337991066, ""trend_flat_vol_mid"": 2.0604816435535005, ""trend_up_vol_high"": 0.0, ""trend_up_vol_mid"": 0.0}","{""trend_down_vol_high"": 36.36363636363637, ""trend_down_vol_low"": 0.0, ""trend_down_vol_mid"": 19.230769230769234, ""trend_flat_vol_high"": 22.22222222222222, ""trend_flat_vol_low"": 2.127659574468085, ""trend_flat_vol_mid"": 10.0, ""trend_up_vol_high"": 0.0, ""trend_up_vol_mid"": 0.0}",,1,-17.28000,1.19000,short,-18.47000,500,-13.56286,-1123.60791,2062.07889,0.83499,1.12851,52.40000,2,0.00000,-795.99928,-655.31689,0.17640,0.34039,-891.87376,-999.71519,0.15915,83,-481.99254,0.41539,79,artifacts\research\xagusd\candidates\forex_short_breakdown_momentum__5m_europe_5m_europe_symbol_candidate_trades.csv,artifacts\research\xagusd\candidates\forex_short_breakdown_momentum__5m_europe_5m_europe_symbol_candidate_analysis.txt
forex_trend_continuation__5m_europe__exit_trend,Forex trend continuation [5m_europe] with trend-runner exits,entry_exit_family,-191.34766,20,5.00000,0.07038,0.19135,0.93463,-9.56738,-1.29433,-0.80875,-1.00000,14.48706,-10.83341,1.33726,2.35000,stale_breakout,50.00000,1,0.00000,0.00000,trend_up_vol_low,orderly_trend,-10.90677,trend_flat_vol_mid,orderly_range,-74.01820,35.00000,0.00000,999.00000,"{""trend_flat_vol_low"": 3, ""trend_flat_vol_mid"": 7, ""trend_up_vol_high"": 2, ""trend_up_vol_low"": 2, ""trend_up_vol_mid"": 6}","{""trend_flat_vol_low"": -19.85191145345844, ""trend_flat_vol_mid"": -74.01820235019625, ""trend_up_vol_high"": -39.159635019667604, ""trend_up_vol_low"": -10.906773034861914, ""trend_up_vol_mid"": -47.41113612330654}","{""trend_flat_vol_low"": 0.0, ""trend_flat_vol_mid"": 0.0, ""trend_up_vol_high"": 0.0, ""trend_up_vol_low"": 0.0, ""trend_up_vol_mid"": 0.23404655453500556}","{""trend_flat_vol_low"": 0.0, ""trend_flat_vol_mid"": 0.0, ""trend_up_vol_high"": 0.0, ""trend_up_vol_low"": 0.0, ""trend_up_vol_mid"": 16.666666666666664}",,1,-17.28000,1.19000,short,-18.47000,500,-193.08230,-241.07680,-133.51816,0.19483,0.24108,100.00000,2,0.00000,-29.34722,-93.51199,0.48341,0.00000,-47.06315,-54.00075,0.21153,5,-83.49499,0.00000,7,artifacts\research\xagusd\candidates\forex_trend_continuation__5m_europe__exit_trend_5m_europe_symbol_candidate_trades.csv,artifacts\research\xagusd\candidates\forex_trend_continuation__5m_europe__exit_trend_5m_europe_symbol_candidate_analysis.txt
forex_trend_continuation__5m_europe__exit_fastfail,Forex trend continuation [5m_europe] with fast-fail exits,entry_exit_family,-212.13859,20,0.00000,0.00000,0.21214,0.93449,-10.60693,-2.16536,-0.91188,-1.00000,0.00000,-10.60693,0.00000,2.00000,structure_exit,80.00000,1,0.00000,0.00000,trend_up_vol_low,orderly_trend,-10.90677,trend_flat_vol_mid,orderly_range,-72.56883,35.00000,0.00000,999.00000,"{""trend_flat_vol_low"": 3, ""trend_flat_vol_mid"": 7, ""trend_up_vol_high"": 2, ""trend_up_vol_low"": 2, ""trend_up_vol_mid"": 6}","{""trend_flat_vol_low"": -17.702848580331988, ""trend_flat_vol_mid"": -72.5688343659948, ""trend_up_vol_high"": -39.159635019667604, ""trend_up_vol_low"": -10.906773034861914, ""trend_up_vol_mid"": -71.80050082297468}","{""trend_flat_vol_low"": 0.0, ""trend_flat_vol_mid"": 0.0, ""trend_up_vol_high"": 0.0, ""trend_up_vol_low"": 0.0, ""trend_up_vol_mid"": 0.0}","{""trend_flat_vol_low"": 0.0, ""trend_flat_vol_mid"": 0.0, ""trend_up_vol_high"": 0.0, ""trend_up_vol_low"": 0.0, ""trend_up_vol_mid"": 0.0}",,1,-17.28000,1.19000,short,-18.47000,500,-210.97341,-246.32642,-177.44752,0.21097,0.24633,100.00000,2,0.00000,-53.73658,-92.78731,0.00000,0.00000,-44.91408,-78.39012,0.00000,5,-82.04562,0.00000,7,artifacts\research\xagusd\candidates\forex_trend_continuation__5m_europe__exit_fastfail_5m_europe_symbol_candidate_trades.csv,artifacts\research\xagusd\candidates\forex_trend_continuation__5m_europe__exit_fastfail_5m_europe_symbol_candidate_analysis.txt
forex_range_reversion__5m_europe__exit_quick,Forex range reversion [5m_europe] with quick-fail mean reversion exits,entry_exit_family,-23.62327,4,0.00000,0.00000,0.02362,0.11070,-5.90582,-11.04268,-0.99694,-1.00000,0.00000,-5.90582,0.00000,1.00000,structure_exit,100.00000,1,0.00000,0.00000,trend_flat_vol_mid,orderly_range,-6.69469,trend_flat_vol_low,compressed_range,-16.92858,75.00000,0.00000,999.00000,"{""trend_flat_vol_low"": 3, ""trend_flat_vol_mid"": 1}","{""trend_flat_vol_low"": -16.92857865366828, ""trend_flat_vol_mid"": -6.69469079565121}","{""trend_flat_vol_low"": 0.0, ""trend_flat_vol_mid"": 0.0}","{""trend_flat_vol_low"": 0.0, ""trend_flat_vol_mid"": 0.0}",,1,-17.28000,1.19000,short,-18.47000,500,-23.62327,-24.86685,-22.37969,0.02362,0.02487,100.00000,2,0.00000,0.00000,0.00000,0.00000,0.00000,-17.94308,0.00000,0.00000,0,0.00000,0.00000,0,artifacts\research\xagusd\candidates\forex_range_reversion__5m_europe__exit_quick_5m_europe_symbol_candidate_trades.csv,artifacts\research\xagusd\candidates\forex_range_reversion__5m_europe__exit_quick_5m_europe_symbol_candidate_analysis.txt
forex_breakout_momentum__5m_europe__exit_trend,Forex breakout momentum [5m_europe] with trend-runner exits,entry_exit_family,-996.04463,166,13.85542,0.11095,1.00329,5.83690,-6.00027,-0.77182,-0.59016,-0.99278,5.40435,-7.83458,0.68981,3.57831,stop_loss,52.40964,1,0.00000,0.00000,trend_down_vol_mid,orderly_trend,-24.91864,trend_flat_vol_mid,orderly_range,-406.36824,41.56627,0.00000,999.00000,"{""trend_down_vol_high"": 5, ""trend_down_vol_mid"": 3, ""trend_flat_vol_high"": 14, ""trend_flat_vol_low"": 43, ""trend_flat_vol_mid"": 69, ""trend_up_vol_high"": 8, ""trend_up_vol_low"": 7, ""trend_up_vol_mid"": 17}","{""trend_down_vol_high"": -114.33860795588161, ""trend_down_vol_mid"": -24.918640838299286, ""trend_flat_vol_high"": -36.22380410969661, ""trend_flat_vol_low"": -247.47290791005605, ""trend_flat_vol_mid"": -406.3682378034367, ""trend_up_vol_high"": -42.61184014938409, ""trend_up_vol_low"": -27.50342237672896, ""trend_up_vol_mid"": -96.60716539125836}","{""trend_down_vol_high"": 0.0, ""trend_down_vol_mid"": 0.0, ""trend_flat_vol_high"": 0.5217930753357185, ""trend_flat_vol_low"": 0.0002527308372669836, ""trend_flat_vol_mid"": 0.1254860820542101, ""trend_up_vol_high"": 0.22208496731724045, ""trend_up_vol_low"": 0.04775378385595454, ""trend_up_vol_mid"": 0.11745276363805801}","{""trend_down_vol_high"": 0.0, ""trend_down_vol_mid"": 0.0, ""trend_flat_vol_high"": 28.57142857142857, ""trend_flat_vol_low"": 2.3255813953488373, ""trend_flat_vol_mid"": 17.391304347826086, ""trend_up_vol_high"": 12.5, ""trend_up_vol_low"": 14.285714285714285, ""trend_up_vol_mid"": 23.52941176470588}",,1,-17.28000,1.19000,short,-18.47000,500,-982.92510,-1177.61227,-848.52193,0.98440,1.17981,100.00000,2,0.00000,-358.18693,-156.65657,0.41240,0.73195,-657.57486,-307.12949,0.57040,60,-124.23874,0.75746,63,artifacts\research\xagusd\candidates\forex_breakout_momentum__5m_europe__exit_trend_5m_europe_symbol_candidate_trades.csv,artifacts\research\xagusd\candidates\forex_breakout_momentum__5m_europe__exit_trend_5m_europe_symbol_candidate_analysis.txt
forex_breakout_momentum__5m_europe__exit_fastfail,Forex breakout momentum [5m_europe] with fast-fail exits,entry_exit_family,-885.17851,166,13.25301,0.19855,1.00055,5.80248,-5.33240,-0.45804,-0.53621,-0.88469,9.96803,-7.66997,1.29962,112.19277,stop_loss,42.77108,1,0.00000,0.00000,trend_flat_vol_high,dislocated_chop,59.73435,trend_flat_vol_mid,orderly_range,-410.54657,42.16867,0.05946,6.87287,"{""trend_down_vol_high"": 5, ""trend_down_vol_mid"": 3, ""trend_flat_vol_high"": 14, ""trend_flat_vol_low"": 43, ""trend_flat_vol_mid"": 70, ""trend_up_vol_high"": 7, ""trend_up_vol_low"": 7, ""trend_up_vol_mid"": 17}","{""trend_down_vol_high"": -112.53939252721695, ""trend_down_vol_mid"": -23.219381822338907, ""trend_flat_vol_high"": 59.73435208571953, ""trend_flat_vol_low"": -246.57330019572424, ""trend_flat_vol_mid"": -410.54656654215137, ""trend_up_vol_high"": -27.92363038841707, ""trend_up_vol_low"": -27.50342237672896, ""trend_up_vol_mid"": -96.60716539125836}","{""trend_down_vol_high"": 0.0, ""trend_down_vol_mid"": 0.0, ""trend_flat_vol_high"": 1.7399639813176357, ""trend_flat_vol_low"": 0.0002536526764951333, ""trend_flat_vol_mid"": 0.11313543679975638, ""trend_up_vol_high"": 0.30345514033059034, ""trend_up_vol_low"": 0.04775378385595454, ""trend_up_vol_mid"": 0.11745276363805801}","{""trend_down_vol_high"": 0.0, ""trend_down_vol_mid"": 0.0, ""trend_flat_vol_high"": 28.57142857142857, ""trend_flat_vol_low"": 2.3255813953488373, ""trend_flat_vol_mid"": 15.714285714285714, ""trend_up_vol_high"": 14.285714285714285, ""trend_up_vol_low"": 14.285714285714285, ""trend_up_vol_mid"": 23.52941176470588}",,1,-17.28000,1.19000,short,-18.47000,500,-900.55965,-1116.49896,-644.99218,0.90814,1.12192,100.00000,2,0.00000,-379.89254,-268.18294,0.38105,0.54613,-690.34072,-360.00643,0.50323,60,-246.13559,0.52863,63,artifacts\research\xagusd\candidates\forex_breakout_momentum__5m_europe__exit_fastfail_5m_europe_symbol_candidate_trades.csv,artifacts\research\xagusd\candidates\forex_breakout_momentum__5m_europe__exit_fastfail_5m_europe_symbol_candidate_analysis.txt
forex_short_trend_continuation__5m_europe__exit_trend,Forex short trend continuation [5m_europe] with trend-runner exits,entry_exit_family,-54.20301,17,29.41176,0.40116,0.05949,0.62975,-3.18841,-0.35231,-0.32902,-0.91106,7.26221,-7.54284,0.96280,2.23529,stop_loss,29.41176,1,0.00000,0.00000,trend_down_vol_mid,orderly_trend,5.43643,trend_flat_vol_high,dislocated_chop,-26.13703,41.17647,0.08354,4.80776,"{""trend_down_vol_low"": 1, ""trend_down_vol_mid"": 4, ""trend_flat_vol_high"": 1, ""trend_flat_vol_low"": 4, ""trend_flat_vol_mid"": 7}","{""trend_down_vol_low"": -5.27208225565863, ""trend_down_vol_mid"": 5.436425305870886, ""trend_flat_vol_high"": -26.137031276744448, ""trend_flat_vol_low"": -20.550183094296486, ""trend_flat_vol_mid"": -7.680143233698162}","{""trend_down_vol_low"": 0.0, ""trend_down_vol_mid"": 1.624591340994901, ""trend_flat_vol_high"": 0.0, ""trend_flat_vol_low"": 0.0, ""trend_flat_vol_mid"": 0.7427156815343927}","{""trend_down_vol_low"": 0.0, ""trend_down_vol_mid"": 75.0, ""trend_flat_vol_high"": 0.0, ""trend_flat_vol_low"": 0.0, ""trend_flat_vol_mid"": 28.57142857142857}",,1,-17.28000,1.19000,short,-18.47000,500,-51.61453,-116.75682,0.76050,0.06310,0.12096,94.20000,2,0.00000,-27.65531,2.64567,0.13645,499.50000,-37.56443,-21.92992,0.16096,2,5.29134,999.00000,1,artifacts\research\xagusd\candidates\forex_short_trend_continuation__5m_europe__exit_trend_5m_europe_symbol_candidate_trades.csv,artifacts\research\xagusd\candidates\forex_short_trend_continuation__5m_europe__exit_trend_5m_europe_symbol_candidate_analysis.txt
forex_short_trend_continuation__5m_europe__exit_fastfail,Forex short trend continuation [5m_europe] with fast-fail exits,entry_exit_family,-50.05482,17,29.41176,0.42043,0.05535,0.62977,-2.94440,-0.32860,-0.31099,-0.90440,7.26221,-7.19716,1.00904,2.05882,structure_exit,35.29412,1,0.00000,0.00000,trend_down_vol_mid,orderly_trend,9.78453,trend_flat_vol_high,dislocated_chop,-26.13703,41.17647,0.14053,2.67126,"{""trend_down_vol_low"": 1, ""trend_down_vol_mid"": 4, ""trend_flat_vol_high"": 1, ""trend_flat_vol_low"": 4, ""trend_flat_vol_mid"": 7}","{""trend_down_vol_low"": -4.372474541326477, ""trend_down_vol_mid"": 9.78452925847558, ""trend_flat_vol_high"": -26.137031276744448, ""trend_flat_vol_low"": -20.550183094296486, ""trend_flat_vol_mid"": -8.779663773437461}","{""trend_down_vol_low"": 0.0, ""trend_down_vol_mid"": 3.246287079059245, ""trend_flat_vol_high"": 0.0, ""trend_flat_vol_low"": 0.0, ""trend_flat_vol_mid"": 0.7163304589741288}","{""trend_down_vol_low"": 0.0, ""trend_down_vol_mid"": 75.0, ""trend_flat_vol_high"": 0.0, ""trend_flat_vol_low"": 0.0, ""trend_flat_vol_mid"": 28.57142857142857}",,1,-17.28000,1.19000,short,-18.47000,500,-47.47922,-110.24520,6.49640,0.05907,0.11683,92.40000,2,0.00000,-27.65531,2.64567,0.13645,499.50000,-33.41624,-21.92992,0.16096,2,5.29134,999.00000,1,artifacts\research\xagusd\candidates\forex_short_trend_continuation__5m_europe__exit_fastfail_5m_europe_symbol_candidate_trades.csv,artifacts\research\xagusd\candidates\forex_short_trend_continuation__5m_europe__exit_fastfail_5m_europe_symbol_candidate_analysis.txt
forex_short_breakdown_momentum__5m_europe__exit_trend,Forex short breakdown momentum [5m_europe] with trend-runner exits,entry_exit_family,-992.54567,198,11.61616,0.18072,1.00586,6.10067,-5.01286,-0.59853,-0.62408,-0.98677,9.51925,-6.92279,1.37506,2.58586,stop_loss,47.47475,1,0.00000,0.00000,trend_flat_vol_high,dislocated_chop,28.15676,trend_flat_vol_mid,orderly_range,-489.21838,42.42424,0.02685,17.37481,"{""trend_down_vol_high"": 10, ""trend_down_vol_low"": 2, ""trend_down_vol_mid"": 25, ""trend_flat_vol_high"": 16, ""trend_flat_vol_low"": 47, ""trend_flat_vol_mid"": 84, ""trend_up_vol_high"": 6, ""trend_up_vol_mid"": 8}","{""trend_down_vol_high"": -4.498408399952599, ""trend_down_vol_low"": -11.640650653138776, ""trend_down_vol_mid"": -112.26723992992763, ""trend_flat_vol_high"": 28.15675962914304, ""trend_flat_vol_low"": -241.99019211225772, ""trend_flat_vol_mid"": -489.2183757987559, ""trend_up_vol_high"": -102.16260940158921, ""trend_up_vol_mid"": -58.92494977919675}","{""trend_down_vol_high"": 0.8879506646294164, ""trend_down_vol_low"": 0.0, ""trend_down_vol_mid"": 0.2025151579202066, ""trend_flat_vol_high"": 1.3195752159489107, ""trend_flat_vol_low"": 0.00024210031220694913, ""trend_flat_vol_mid"": 0.06098007715911933, ""trend_up_vol_high"": 0.0, ""trend_up_vol_mid"": 0.10200018226485254}","{""trend_down_vol_high"": 40.0, ""trend_down_vol_low"": 0.0, ""trend_down_vol_mid"": 24.0, ""trend_flat_vol_high"": 25.0, ""trend_flat_vol_low"": 2.127659574468085, ""trend_flat_vol_mid"": 8.333333333333332, ""trend_up_vol_high"": 0.0, ""trend_up_vol_mid"": 12.5}",,1,-17.28000,1.19000,short,-18.47000,500,-990.42033,-1169.74628,-769.43871,1.00163,1.17664,100.00000,2,0.00000,-764.73871,-592.07077,0.22474,0.43195,-922.25753,-871.96107,0.27564,79,-397.54175,0.54523,78,artifacts\research\xagusd\candidates\forex_short_breakdown_momentum__5m_europe__exit_trend_5m_europe_symbol_candidate_trades.csv,artifacts\research\xagusd\candidates\forex_short_breakdown_momentum__5m_europe__exit_trend_5m_europe_symbol_candidate_analysis.txt
forex_short_breakdown_momentum__5m_europe__exit_fastfail,Forex short breakdown momentum [5m_europe] with fast-fail exits,entry_exit_family,49.34500,209,11.00478,1.04081,1.00868,6.50615,0.23610,0.00323,0.03159,0.04892,54.72200,-6.50140,8.41695,119.93301,structure_exit,51.19617,1,0.00000,0.00000,trend_flat_vol_mid,orderly_range,556.69265,trend_flat_vol_low,compressed_range,-241.43960,43.06220,0.52314,0.43370,"{""trend_down_vol_high"": 11, ""trend_down_vol_low"": 2, ""trend_down_vol_mid"": 26, ""trend_flat_vol_high"": 18, ""trend_flat_vol_low"": 47, ""trend_flat_vol_mid"": 90, ""trend_up_vol_high"": 7, ""trend_up_vol_mid"": 8}","{""trend_down_vol_high"": -3.241498204047887, ""trend_down_vol_low"": -8.791892891087313, ""trend_down_vol_mid"": -110.13094329123919, ""trend_flat_vol_high"": 1.2015003054298035, ""trend_flat_vol_low"": -241.43960367805136, ""trend_flat_vol_mid"": 556.6926476177748, ""trend_up_vol_high"": -90.07202606819482, ""trend_up_vol_mid"": -54.87318446937386}","{""trend_down_vol_high"": 0.9166490692437874, ""trend_down_vol_low"": 0.0, ""trend_down_vol_mid"": 0.18500364329021593, ""trend_flat_vol_high"": 1.0104421908140886, ""trend_flat_vol_low"": 0.00024265227337991066, ""trend_flat_vol_mid"": 2.0604816435535005, ""trend_up_vol_high"": 0.0, ""trend_up_vol_mid"": 0.0}","{""trend_down_vol_high"": 36.36363636363637, ""trend_down_vol_low"": 0.0, ""trend_down_vol_mid"": 19.230769230769234, ""trend_flat_vol_high"": 22.22222222222222, ""trend_flat_vol_low"": 2.127659574468085, ""trend_flat_vol_mid"": 10.0, ""trend_up_vol_high"": 0.0, ""trend_up_vol_mid"": 0.0}",,1,-17.28000,1.19000,short,-18.47000,500,-13.56286,-1123.60791,2062.07889,0.83499,1.12851,52.40000,2,0.00000,-795.99928,-655.31689,0.17640,0.34039,-891.87376,-999.71519,0.15915,83,-481.99254,0.41539,79,artifacts\research\xagusd\candidates\forex_short_breakdown_momentum__5m_europe__exit_fastfail_5m_europe_symbol_candidate_trades.csv,artifacts\research\xagusd\candidates\forex_short_breakdown_momentum__5m_europe__exit_fastfail_5m_europe_symbol_candidate_analysis.txt
forex_trend_continuation__5m_us,Forex trend continuation [5m_us],single,-90.14440,25,12.00000,0.42324,0.11373,1.07189,-3.60578,-0.31126,-0.44326,-0.79259,22.04972,-7.10425,3.10374,2.64000,structure_exit,44.00000,1,0.00000,0.00000,trend_flat_vol_high,dislocated_chop,16.48069,trend_flat_vol_mid,orderly_range,-53.94461,28.00000,0.18233,3.27320,"{""trend_flat_vol_high"": 3, ""trend_flat_vol_low"": 7, ""trend_flat_vol_mid"": 7, ""trend_up_vol_high"": 4, ""trend_up_vol_mid"": 4}","{""trend_flat_vol_high"": 16.480691912512725, ""trend_flat_vol_low"": -35.47686406118132, ""trend_flat_vol_mid"": -53.94461293379857, ""trend_up_vol_high"": 9.389799784190874, ""trend_up_vol_mid"": -26.593415427406683}","{""trend_flat_vol_high"": 3.680971813996444, ""trend_flat_vol_low"": 0.0, ""trend_flat_vol_mid"": 0.06898922882324705, ""trend_up_vol_high"": 1.3116012219785165, ""trend_up_vol_mid"": 0.0}","{""trend_flat_vol_high"": 33.33333333333333, ""trend_flat_vol_low"": 0.0, ""trend_flat_vol_mid"": 14.285714285714285, ""trend_up_vol_high"": 25.0, ""trend_up_vol_mid"": 0.0}",,1,-17.28000,1.19000,short,-18.47000,500,-90.50659,-169.53856,7.80696,0.11008,0.17663,94.40000,2,0.00000,-1.51140,-1.62135,1.08799,1.15815,-69.60467,33.58915,2.17598,5,-38.56206,0.00000,4,artifacts\research\xagusd\candidates\forex_trend_continuation__5m_us_5m_us_symbol_candidate_trades.csv,artifacts\research\xagusd\candidates\forex_trend_continuation__5m_us_5m_us_symbol_candidate_analysis.txt
forex_range_reversion__5m_us,Forex range reversion [5m_us],single,-4.47291,1,0.00000,0.00000,0.00447,0.02655,-4.47291,0.00000,0.00000,-1.00000,0.00000,-4.47291,0.00000,1.00000,structure_exit,100.00000,1,0.00000,0.00000,trend_flat_vol_low,compressed_range,-4.47291,trend_flat_vol_low,compressed_range,-4.47291,100.00000,0.00000,999.00000,"{""trend_flat_vol_low"": 1}","{""trend_flat_vol_low"": -4.472907044293224}","{""trend_flat_vol_low"": 0.0}","{""trend_flat_vol_low"": 0.0}",,1,-17.28000,1.19000,short,-18.47000,500,-4.47291,-4.47291,-4.47291,0.00447,0.00447,100.00000,2,0.00000,0.00000,0.00000,0.00000,0.00000,-4.47291,0.00000,0.00000,0,0.00000,0.00000,0,artifacts\research\xagusd\candidates\forex_range_reversion__5m_us_5m_us_symbol_candidate_trades.csv,artifacts\research\xagusd\candidates\forex_range_reversion__5m_us_5m_us_symbol_candidate_analysis.txt
forex_breakout_momentum__5m_us,Forex breakout momentum [5m_us],single,389.98826,186,11.82796,1.34330,1.00743,5.82308,2.09671,0.02048,0.27218,0.38711,69.36312,-6.92683,10.01369,149.18280,stop_loss,37.63441,1,0.00000,0.00000,trend_flat_vol_high,dislocated_chop,1298.54668,trend_flat_vol_mid,orderly_range,-367.26750,32.79570,0.58835,0.28283,"{""trend_down_vol_high"": 8, ""trend_down_vol_mid"": 13, ""trend_flat_vol_high"": 17, ""trend_flat_vol_low"": 36, ""trend_flat_vol_mid"": 61, ""trend_up_vol_high"": 14, ""trend_up_vol_low"": 4, ""trend_up_vol_mid"": 33}","{""trend_down_vol_high"": -28.378304278935364, ""trend_down_vol_mid"": -75.40319840837364, ""trend_flat_vol_high"": 1298.5466829389222, ""trend_flat_vol_low"": -202.09519541501527, ""trend_flat_vol_mid"": -367.2674951045993, ""trend_up_vol_high"": -37.55901571397678, ""trend_up_vol_low"": -36.23495774281244, ""trend_up_vol_mid"": -161.62026002622449}","{""trend_down_vol_high"": 0.3573882238471929, ""trend_down_vol_mid"": 0.05010150768617077, ""trend_flat_vol_high"": 13.082344323410137, ""trend_flat_vol_low"": 0.004216783599585808, ""trend_flat_vol_mid"": 0.05623187871925624, ""trend_up_vol_high"": 0.5546772298193235, ""trend_up_vol_low"": 0.0, ""trend_up_vol_mid"": 0.1595733610839103}","{""trend_down_vol_high"": 12.5, ""trend_down_vol_mid"": 7.6923076923076925, ""trend_flat_vol_high"": 23.52941176470588, ""trend_flat_vol_low"": 2.7777777777777777, ""trend_flat_vol_mid"": 8.19672131147541, ""trend_up_vol_high"": 28.57142857142857, ""trend_up_vol_low"": 0.0, ""trend_up_vol_mid"": 18.181818181818183}",,1,-17.28000,1.19000,short,-18.47000,500,347.18979,-1083.24599,3205.29578,0.84135,1.09278,38.60000,2,0.00000,-423.29479,-480.36522,0.46843,0.57955,-590.07971,-387.49978,0.59713,83,-432.37287,0.58773,83,artifacts\research\xagusd\candidates\forex_breakout_momentum__5m_us_5m_us_symbol_candidate_trades.csv,artifacts\research\xagusd\candidates\forex_breakout_momentum__5m_us_5m_us_symbol_candidate_analysis.txt
forex_short_trend_continuation__5m_us,Forex short trend continuation [5m_us],single,-99.85802,21,28.57143,0.29141,0.10276,0.80600,-4.75514,-0.52371,-0.47090,-0.97178,6.84456,-9.39503,0.72853,1.90476,structure_exit,28.57143,1,0.00000,0.00000,trend_down_vol_low,orderly_trend,-4.10227,trend_flat_vol_mid,orderly_range,-38.50372,42.85714,0.00000,999.00000,"{""trend_down_vol_high"": 4, ""trend_down_vol_low"": 1, ""trend_down_vol_mid"": 5, ""trend_flat_vol_high"": 1, ""trend_flat_vol_low"": 1, ""trend_flat_vol_mid"": 9}","{""trend_down_vol_high"": -9.005321734033704, ""trend_down_vol_low"": -4.102268316226353, ""trend_down_vol_mid"": -26.386553849036932, ""trend_flat_vol_high"": -13.279803997720952, ""trend_flat_vol_low"": -8.580350482055644, ""trend_flat_vol_mid"": -38.503724373599276}","{""trend_down_vol_high"": 0.717418749422436, ""trend_down_vol_low"": 0.0, ""trend_down_vol_mid"": 0.20985798414403017, ""trend_flat_vol_high"": 0.0, ""trend_flat_vol_low"": 0.0, ""trend_flat_vol_mid"": 0.22527990510873283}","{""trend_down_vol_high"": 25.0, ""trend_down_vol_low"": 0.0, ""trend_down_vol_mid"": 40.0, ""trend_flat_vol_high"": 0.0, ""trend_flat_vol_low"": 0.0, ""trend_flat_vol_mid"": 33.33333333333333}",,1,-17.28000,1.19000,short,-18.47000,500,-105.49919,-158.86672,-28.30903,0.11268,0.16086,98.80000,2,0.00000,-20.29479,-14.00547,0.05991,0.30333,-70.76368,-8.94091,0.00000,1,-14.82297,0.60667,4,artifacts\research\xagusd\candidates\forex_short_trend_continuation__5m_us_5m_us_symbol_candidate_trades.csv,artifacts\research\xagusd\candidates\forex_short_trend_continuation__5m_us_5m_us_symbol_candidate_analysis.txt
forex_short_breakdown_momentum__5m_us,Forex short breakdown momentum [5m_us],single,-996.54922,176,7.38636,0.05051,1.00252,5.01109,-5.66221,-1.46973,-0.81229,-0.99404,4.07774,-6.43902,0.63329,2.33523,structure_exit,45.45455,1,0.00000,0.00000,trend_down_vol_low,orderly_trend,-9.43690,trend_flat_vol_mid,orderly_range,-373.36977,37.50000,0.00000,999.00000,"{""trend_down_vol_high"": 9, ""trend_down_vol_low"": 2, ""trend_down_vol_mid"": 12, ""trend_flat_vol_high"": 20, ""trend_flat_vol_low"": 55, ""trend_flat_vol_mid"": 66, ""trend_up_vol_high"": 7, ""trend_up_vol_mid"": 5}","{""trend_down_vol_high"": -43.339093870230315, ""trend_down_vol_low"": -9.436895399783918, ""trend_down_vol_mid"": -59.646160422823456, ""trend_flat_vol_high"": -171.31166349264325, ""trend_flat_vol_low"": -295.5637519664346, ""trend_flat_vol_mid"": -373.3697666843031, ""trend_up_vol_high"": -22.364535445437273, ""trend_up_vol_mid"": -21.51735002536165}","{""trend_down_vol_high"": 0.0, ""trend_down_vol_low"": 0.0, ""trend_down_vol_mid"": 0.06250973247711335, ""trend_flat_vol_high"": 0.04653929914546016, ""trend_flat_vol_low"": 0.012873107185767608, ""trend_flat_vol_mid"": 0.05358853159040401, ""trend_up_vol_high"": 0.34668868729777635, ""trend_up_vol_mid"": 0.15036165214382355}","{""trend_down_vol_high"": 0.0, ""trend_down_vol_low"": 0.0, ""trend_down_vol_mid"": 8.333333333333332, ""trend_flat_vol_high"": 10.0, ""trend_flat_vol_low"": 1.8181818181818181, ""trend_flat_vol_mid"": 9.090909090909092, ""trend_up_vol_high"": 28.57142857142857, ""trend_up_vol_mid"": 20.0}",,1,-17.28000,1.19000,short,-18.47000,500,-998.44408,-1077.70634,-912.26439,0.99844,1.08310,100.00000,2,0.00000,-965.13012,-599.58022,0.39883,0.65700,-996.33230,-932.64315,0.51362,121,-877.96406,0.49671,120,artifacts\research\xagusd\candidates\forex_short_breakdown_momentum__5m_us_5m_us_symbol_candidate_trades.csv,artifacts\research\xagusd\candidates\forex_short_breakdown_momentum__5m_us_5m_us_symbol_candidate_analysis.txt
forex_trend_continuation__5m_us__exit_trend,Forex trend continuation [5m_us] with trend-runner exits,entry_exit_family,-92.34344,25,12.00000,0.41736,0.11373,1.07187,-3.69374,-0.31699,-0.44590,-0.81192,22.04972,-7.20421,3.06067,2.68000,stop_loss,28.00000,1,0.00000,0.00000,trend_flat_vol_high,dislocated_chop,16.48069,trend_flat_vol_mid,orderly_range,-53.94461,28.00000,0.16946,3.27320,"{""trend_flat_vol_high"": 3, ""trend_flat_vol_low"": 7, ""trend_flat_vol_mid"": 7, ""trend_up_vol_high"": 4, ""trend_up_vol_mid"": 4}","{""trend_flat_vol_high"": 16.480691912512725, ""trend_flat_vol_low"": -35.47686406118132, ""trend_flat_vol_mid"": -53.94461293379857, ""trend_up_vol_high"": 7.190758704712988, ""trend_up_vol_mid"": -26.593415427406683}","{""trend_flat_vol_high"": 3.680971813996444, ""trend_flat_vol_low"": 0.0, ""trend_flat_vol_mid"": 0.06898922882324705, ""trend_up_vol_high"": 1.2223964203306819, ""trend_up_vol_mid"": 0.0}","{""trend_flat_vol_high"": 33.33333333333333, ""trend_flat_vol_low"": 0.0, ""trend_flat_vol_mid"": 14.285714285714285, ""trend_up_vol_high"": 25.0, ""trend_up_vol_mid"": 0.0}",,1,-17.28000,1.19000,short,-18.47000,500,-92.22905,-171.05854,7.32453,0.11234,0.18025,94.60000,2,0.00000,-1.51140,-3.82039,1.08799,1.07042,-69.60467,33.58915,2.17598,5,-40.76110,0.00000,4,artifacts\research\xagusd\candidates\forex_trend_continuation__5m_us__exit_trend_5m_us_symbol_candidate_trades.csv,artifacts\research\xagusd\candidates\forex_trend_continuation__5m_us__exit_trend_5m_us_symbol_candidate_analysis.txt
forex_trend_continuation__5m_us__exit_fastfail,Forex trend continuation [5m_us] with fast-fail exits,entry_exit_family,-90.14440,25,12.00000,0.42324,0.11373,1.07189,-3.60578,-0.31126,-0.44326,-0.79259,22.04972,-7.10425,3.10374,2.64000,structure_exit,44.00000,1,0.00000,0.00000,trend_flat_vol_high,dislocated_chop,16.48069,trend_flat_vol_mid,orderly_range,-53.94461,28.00000,0.18233,3.27320,"{""trend_flat_vol_high"": 3, ""trend_flat_vol_low"": 7, ""trend_flat_vol_mid"": 7, ""trend_up_vol_high"": 4, ""trend_up_vol_mid"": 4}","{""trend_flat_vol_high"": 16.480691912512725, ""trend_flat_vol_low"": -35.47686406118132, ""trend_flat_vol_mid"": -53.94461293379857, ""trend_up_vol_high"": 9.389799784190874, ""trend_up_vol_mid"": -26.593415427406683}","{""trend_flat_vol_high"": 3.680971813996444, ""trend_flat_vol_low"": 0.0, ""trend_flat_vol_mid"": 0.06898922882324705, ""trend_up_vol_high"": 1.3116012219785165, ""trend_up_vol_mid"": 0.0}","{""trend_flat_vol_high"": 33.33333333333333, ""trend_flat_vol_low"": 0.0, ""trend_flat_vol_mid"": 14.285714285714285, ""trend_up_vol_high"": 25.0, ""trend_up_vol_mid"": 0.0}",,1,-17.28000,1.19000,short,-18.47000,500,-90.50659,-169.53856,7.80696,0.11008,0.17663,94.40000,2,0.00000,-1.51140,-1.62135,1.08799,1.15815,-69.60467,33.58915,2.17598,5,-38.56206,0.00000,4,artifacts\research\xagusd\candidates\forex_trend_continuation__5m_us__exit_fastfail_5m_us_symbol_candidate_trades.csv,artifacts\research\xagusd\candidates\forex_trend_continuation__5m_us__exit_fastfail_5m_us_symbol_candidate_analysis.txt
forex_range_reversion__5m_us__exit_quick,Forex range reversion [5m_us] with quick-fail mean reversion exits,entry_exit_family,-4.47291,1,0.00000,0.00000,0.00447,0.02655,-4.47291,0.00000,0.00000,-1.00000,0.00000,-4.47291,0.00000,1.00000,structure_exit,100.00000,1,0.00000,0.00000,trend_flat_vol_low,compressed_range,-4.47291,trend_flat_vol_low,compressed_range,-4.47291,100.00000,0.00000,999.00000,"{""trend_flat_vol_low"": 1}","{""trend_flat_vol_low"": -4.472907044293224}","{""trend_flat_vol_low"": 0.0}","{""trend_flat_vol_low"": 0.0}",,1,-17.28000,1.19000,short,-18.47000,500,-4.47291,-4.47291,-4.47291,0.00447,0.00447,100.00000,2,0.00000,0.00000,0.00000,0.00000,0.00000,-4.47291,0.00000,0.00000,0,0.00000,0.00000,0,artifacts\research\xagusd\candidates\forex_range_reversion__5m_us__exit_quick_5m_us_symbol_candidate_trades.csv,artifacts\research\xagusd\candidates\forex_range_reversion__5m_us__exit_quick_5m_us_symbol_candidate_analysis.txt
forex_breakout_momentum__5m_us__exit_trend,Forex breakout momentum [5m_us] with trend-runner exits,entry_exit_family,403.49401,183,13.11475,1.35164,1.00188,5.71555,2.20489,0.02121,0.27504,0.40274,64.62352,-7.21680,8.95460,153.24044,stop_loss,48.63388,1,0.00000,0.00000,trend_down_vol_mid,orderly_trend,1324.73625,trend_flat_vol_mid,orderly_range,-391.21147,32.78689,0.58983,0.29531,"{""trend_down_vol_high"": 8, ""trend_down_vol_mid"": 13, ""trend_flat_vol_high"": 16, ""trend_flat_vol_low"": 36, ""trend_flat_vol_mid"": 60, ""trend_up_vol_high"": 14, ""trend_up_vol_low"": 4, ""trend_up_vol_mid"": 32}","{""trend_down_vol_high"": -6.287937071448323, ""trend_down_vol_mid"": 1324.73625253672, ""trend_flat_vol_high"": -91.78668069817617, ""trend_flat_vol_low"": -201.1955877006838, ""trend_flat_vol_mid"": -391.21147327931925, ""trend_up_vol_high"": -37.55901571397678, ""trend_up_vol_low"": -36.23495774281244, ""trend_up_vol_mid"": -156.96659184530355}","{""trend_down_vol_high"": 0.8309332835193417, ""trend_down_vol_mid"": 18.032012924282455, ""trend_flat_vol_high"": 0.1588773104833824, ""trend_flat_vol_low"": 0.00423555828404076, ""trend_flat_vol_mid"": 0.052972537028243234, ""trend_up_vol_high"": 0.5546772298193235, ""trend_up_vol_low"": 0.0, ""trend_up_vol_mid"": 0.1635306577187799}","{""trend_down_vol_high"": 37.5, ""trend_down_vol_mid"": 15.384615384615385, ""trend_flat_vol_high"": 18.75, ""trend_flat_vol_low"": 2.7777777777777777, ""trend_flat_vol_mid"": 8.333333333333332, ""trend_up_vol_high"": 28.57142857142857, ""trend_up_vol_low"": 0.0, ""trend_up_vol_mid"": 18.75}",,1,-17.28000,1.19000,short,-18.47000,500,367.64969,-1078.56956,3210.03913,0.81488,1.07872,35.80000,2,0.00000,-519.70275,-526.88975,0.42008,0.56376,-422.98848,-491.10460,0.53907,83,-425.56546,0.59897,81,artifacts\research\xagusd\candidates\forex_breakout_momentum__5m_us__exit_trend_5m_us_symbol_candidate_trades.csv,artifacts\research\xagusd\candidates\forex_breakout_momentum__5m_us__exit_trend_5m_us_symbol_candidate_analysis.txt
forex_breakout_momentum__5m_us__exit_fastfail,Forex breakout momentum [5m_us] with fast-fail exits,entry_exit_family,389.98826,186,11.82796,1.34330,1.00743,5.82308,2.09671,0.02048,0.27218,0.38711,69.36312,-6.92683,10.01369,149.18280,stop_loss,37.63441,1,0.00000,0.00000,trend_flat_vol_high,dislocated_chop,1298.54668,trend_flat_vol_mid,orderly_range,-367.26750,32.79570,0.58835,0.28283,"{""trend_down_vol_high"": 8, ""trend_down_vol_mid"": 13, ""trend_flat_vol_high"": 17, ""trend_flat_vol_low"": 36, ""trend_flat_vol_mid"": 61, ""trend_up_vol_high"": 14, ""trend_up_vol_low"": 4, ""trend_up_vol_mid"": 33}","{""trend_down_vol_high"": -28.378304278935364, ""trend_down_vol_mid"": -75.40319840837364, ""trend_flat_vol_high"": 1298.5466829389222, ""trend_flat_vol_low"": -202.09519541501527, ""trend_flat_vol_mid"": -367.2674951045993, ""trend_up_vol_high"": -37.55901571397678, ""trend_up_vol_low"": -36.23495774281244, ""trend_up_vol_mid"": -161.62026002622449}","{""trend_down_vol_high"": 0.3573882238471929, ""trend_down_vol_mid"": 0.05010150768617077, ""trend_flat_vol_high"": 13.082344323410137, ""trend_flat_vol_low"": 0.004216783599585808, ""trend_flat_vol_mid"": 0.05623187871925624, ""trend_up_vol_high"": 0.5546772298193235, ""trend_up_vol_low"": 0.0, ""trend_up_vol_mid"": 0.1595733610839103}","{""trend_down_vol_high"": 12.5, ""trend_down_vol_mid"": 7.6923076923076925, ""trend_flat_vol_high"": 23.52941176470588, ""trend_flat_vol_low"": 2.7777777777777777, ""trend_flat_vol_mid"": 8.19672131147541, ""trend_up_vol_high"": 28.57142857142857, ""trend_up_vol_low"": 0.0, ""trend_up_vol_mid"": 18.181818181818183}",,1,-17.28000,1.19000,short,-18.47000,500,347.18979,-1083.24599,3205.29578,0.84135,1.09278,38.60000,2,0.00000,-423.29479,-480.36522,0.46843,0.57955,-590.07971,-387.49978,0.59713,83,-432.37287,0.58773,83,artifacts\research\xagusd\candidates\forex_breakout_momentum__5m_us__exit_fastfail_5m_us_symbol_candidate_trades.csv,artifacts\research\xagusd\candidates\forex_breakout_momentum__5m_us__exit_fastfail_5m_us_symbol_candidate_analysis.txt
forex_short_trend_continuation__5m_us__exit_trend,Forex short trend continuation [5m_us] with trend-runner exits,entry_exit_family,-60.87502,21,33.33333,0.53702,0.10306,0.80627,-2.89881,-0.24812,-0.28588,-0.59069,10.08729,-9.39186,1.07405,2.14286,take_profit,33.33333,1,0.00000,0.00000,trend_down_vol_high,trend_expansion,30.27755,trend_flat_vol_mid,orderly_range,-38.50372,42.85714,0.24934,1.27169,"{""trend_down_vol_high"": 4, ""trend_down_vol_low"": 1, ""trend_down_vol_mid"": 5, ""trend_flat_vol_high"": 1, ""trend_flat_vol_low"": 1, ""trend_flat_vol_mid"": 9}","{""trend_down_vol_high"": 30.277548458464622, ""trend_down_vol_low"": -4.102268316226353, ""trend_down_vol_mid"": -26.68642308714694, ""trend_flat_vol_high"": -13.279803997720952, ""trend_flat_vol_low"": -8.580350482055644, ""trend_flat_vol_mid"": -38.503724373599276}","{""trend_down_vol_high"": 2.3682370975854075, ""trend_down_vol_low"": 0.0, ""trend_down_vol_mid"": 0.20799032536922799, ""trend_flat_vol_high"": 0.0, ""trend_flat_vol_low"": 0.0, ""trend_flat_vol_mid"": 0.22527990510873283}","{""trend_down_vol_high"": 50.0, ""trend_down_vol_low"": 0.0, ""trend_down_vol_mid"": 40.0, ""trend_flat_vol_high"": 0.0, ""trend_flat_vol_low"": 0.0, ""trend_flat_vol_mid"": 33.33333333333333}",,1,-17.28000,1.19000,short,-18.47000,500,-68.23945,-143.72651,18.75152,0.08840,0.14954,91.80000,2,0.00000,-20.29479,5.63597,0.05991,0.93762,-71.06355,-8.94091,0.00000,1,24.45990,1.87524,4,artifacts\research\xagusd\candidates\forex_short_trend_continuation__5m_us__exit_trend_5m_us_symbol_candidate_trades.csv,artifacts\research\xagusd\candidates\forex_short_trend_continuation__5m_us__exit_trend_5m_us_symbol_candidate_analysis.txt
forex_short_trend_continuation__5m_us__exit_fastfail,Forex short trend continuation [5m_us] with fast-fail exits,entry_exit_family,-99.85802,21,28.57143,0.29141,0.10276,0.80600,-4.75514,-0.52371,-0.47090,-0.97178,6.84456,-9.39503,0.72853,1.90476,structure_exit,28.57143,1,0.00000,0.00000,trend_down_vol_low,orderly_trend,-4.10227,trend_flat_vol_mid,orderly_range,-38.50372,42.85714,0.00000,999.00000,"{""trend_down_vol_high"": 4, ""trend_down_vol_low"": 1, ""trend_down_vol_mid"": 5, ""trend_flat_vol_high"": 1, ""trend_flat_vol_low"": 1, ""trend_flat_vol_mid"": 9}","{""trend_down_vol_high"": -9.005321734033704, ""trend_down_vol_low"": -4.102268316226353, ""trend_down_vol_mid"": -26.386553849036932, ""trend_flat_vol_high"": -13.279803997720952, ""trend_flat_vol_low"": -8.580350482055644, ""trend_flat_vol_mid"": -38.503724373599276}","{""trend_down_vol_high"": 0.717418749422436, ""trend_down_vol_low"": 0.0, ""trend_down_vol_mid"": 0.20985798414403017, ""trend_flat_vol_high"": 0.0, ""trend_flat_vol_low"": 0.0, ""trend_flat_vol_mid"": 0.22527990510873283}","{""trend_down_vol_high"": 25.0, ""trend_down_vol_low"": 0.0, ""trend_down_vol_mid"": 40.0, ""trend_flat_vol_high"": 0.0, ""trend_flat_vol_low"": 0.0, ""trend_flat_vol_mid"": 33.33333333333333}",,1,-17.28000,1.19000,short,-18.47000,500,-105.49919,-158.86672,-28.30903,0.11268,0.16086,98.80000,2,0.00000,-20.29479,-14.00547,0.05991,0.30333,-70.76368,-8.94091,0.00000,1,-14.82297,0.60667,4,artifacts\research\xagusd\candidates\forex_short_trend_continuation__5m_us__exit_fastfail_5m_us_symbol_candidate_trades.csv,artifacts\research\xagusd\candidates\forex_short_trend_continuation__5m_us__exit_fastfail_5m_us_symbol_candidate_analysis.txt
forex_short_breakdown_momentum__5m_us__exit_trend,Forex short breakdown momentum [5m_us] with trend-runner exits,entry_exit_family,-987.77067,176,9.09091,0.07033,1.00128,5.02485,-5.61233,-1.24415,-0.76943,-0.98651,4.67017,-6.64058,0.70328,2.84091,stop_loss,51.70455,1,0.00000,0.00000,trend_down_vol_low,orderly_trend,-6.38822,trend_flat_vol_mid,orderly_range,-385.22509,36.93182,0.00000,999.00000,"{""trend_down_vol_high"": 9, ""trend_down_vol_low"": 2, ""trend_down_vol_mid"": 13, ""trend_flat_vol_high"": 21, ""trend_flat_vol_low"": 55, ""trend_flat_vol_mid"": 65, ""trend_up_vol_high"": 7, ""trend_up_vol_mid"": 4}","{""trend_down_vol_high"": -38.5411860604599, ""trend_down_vol_low"": -6.38822481232531, ""trend_down_vol_mid"": -63.246748961590015, ""trend_flat_vol_high"": -163.01949091002948, ""trend_flat_vol_low"": -293.81451474412285, ""trend_flat_vol_mid"": -385.2250876845658, ""trend_up_vol_high"": -10.959566425194367, ""trend_up_vol_mid"": -26.575849526465053}","{""trend_down_vol_high"": 0.0, ""trend_down_vol_low"": 0.0, ""trend_down_vol_mid"": 0.05916163613536963, ""trend_flat_vol_high"": 0.09917601312796567, ""trend_flat_vol_low"": 0.014984778523193819, ""trend_flat_vol_mid"": 0.052025141224475754, ""trend_up_vol_high"": 0.712699055593825, ""trend_up_vol_mid"": 0.0}","{""trend_down_vol_high"": 0.0, ""trend_down_vol_low"": 0.0, ""trend_down_vol_mid"": 7.6923076923076925, ""trend_flat_vol_high"": 19.047619047619047, ""trend_flat_vol_low"": 3.6363636363636362, ""trend_flat_vol_mid"": 9.230769230769232, ""trend_up_vol_high"": 42.857142857142854, ""trend_up_vol_mid"": 0.0}",,1,-17.28000,1.19000,short,-18.47000,500,-983.09117,-1081.82365,-890.63263,0.98423,1.08210,100.00000,2,0.00000,-901.38010,-752.37574,0.36544,0.61541,-996.76440,-819.14047,0.58683,118,-799.62389,0.55110,118,artifacts\research\xagusd\candidates\forex_short_breakdown_momentum__5m_us__exit_trend_5m_us_symbol_candidate_trades.csv,artifacts\research\xagusd\candidates\forex_short_breakdown_momentum__5m_us__exit_trend_5m_us_symbol_candidate_analysis.txt
forex_short_breakdown_momentum__5m_us__exit_fastfail,Forex short breakdown momentum [5m_us] with fast-fail exits,entry_exit_family,-996.54922,176,7.38636,0.05051,1.00252,5.01109,-5.66221,-1.46973,-0.81229,-0.99404,4.07774,-6.43902,0.63329,2.33523,structure_exit,45.45455,1,0.00000,0.00000,trend_down_vol_low,orderly_trend,-9.43690,trend_flat_vol_mid,orderly_range,-373.36977,37.50000,0.00000,999.00000,"{""trend_down_vol_high"": 9, ""trend_down_vol_low"": 2, ""trend_down_vol_mid"": 12, ""trend_flat_vol_high"": 20, ""trend_flat_vol_low"": 55, ""trend_flat_vol_mid"": 66, ""trend_up_vol_high"": 7, ""trend_up_vol_mid"": 5}","{""trend_down_vol_high"": -43.339093870230315, ""trend_down_vol_low"": -9.436895399783918, ""trend_down_vol_mid"": -59.646160422823456, ""trend_flat_vol_high"": -171.31166349264325, ""trend_flat_vol_low"": -295.5637519664346, ""trend_flat_vol_mid"": -373.3697666843031, ""trend_up_vol_high"": -22.364535445437273, ""trend_up_vol_mid"": -21.51735002536165}","{""trend_down_vol_high"": 0.0, ""trend_down_vol_low"": 0.0, ""trend_down_vol_mid"": 0.06250973247711335, ""trend_flat_vol_high"": 0.04653929914546016, ""trend_flat_vol_low"": 0.012873107185767608, ""trend_flat_vol_mid"": 0.05358853159040401, ""trend_up_vol_high"": 0.34668868729777635, ""trend_up_vol_mid"": 0.15036165214382355}","{""trend_down_vol_high"": 0.0, ""trend_down_vol_low"": 0.0, ""trend_down_vol_mid"": 8.333333333333332, ""trend_flat_vol_high"": 10.0, ""trend_flat_vol_low"": 1.8181818181818181, ""trend_flat_vol_mid"": 9.090909090909092, ""trend_up_vol_high"": 28.57142857142857, ""trend_up_vol_mid"": 20.0}",,1,-17.28000,1.19000,short,-18.47000,500,-998.44408,-1077.70634,-912.26439,0.99844,1.08310,100.00000,2,0.00000,-965.13012,-599.58022,0.39883,0.65700,-996.33230,-932.64315,0.51362,121,-877.96406,0.49671,120,artifacts\research\xagusd\candidates\forex_short_breakdown_momentum__5m_us__exit_fastfail_5m_us_symbol_candidate_trades.csv,artifacts\research\xagusd\candidates\forex_short_breakdown_momentum__5m_us__exit_fastfail_5m_us_symbol_candidate_analysis.txt
forex_trend_continuation_looser,Forex trend continuation with higher trade density,auto_improved,-510.62645,89,11.23596,0.25250,0.51063,3.98192,-5.73738,-0.55257,-0.58317,-1.00000,17.24814,-8.64693,1.99471,2.35955,stop_loss,38.20225,1,0.00000,0.00000,trend_flat_vol_high,dislocated_chop,2.16009,trend_flat_vol_mid,orderly_range,-192.79806,26.96629,0.00419,89.25473,"{""trend_flat_vol_high"": 5, ""trend_flat_vol_low"": 17, ""trend_flat_vol_mid"": 24, ""trend_up_vol_high"": 19, ""trend_up_vol_low"": 6, ""trend_up_vol_mid"": 18}","{""trend_flat_vol_high"": 2.160087907126036, ""trend_flat_vol_low"": -97.30451974469763, ""trend_flat_vol_mid"": -192.79805548364004, ""trend_up_vol_high"": -69.09417451474191, ""trend_up_vol_low"": -42.09562186516594, ""trend_up_vol_mid"": -111.49416875709186}","{""trend_flat_vol_high"": 1.0727643088716292, ""trend_flat_vol_low"": 0.0, ""trend_flat_vol_mid"": 0.020312326119540102, ""trend_up_vol_high"": 0.622914848370011, ""trend_up_vol_low"": 0.0, ""trend_up_vol_mid"": 0.16791582688876067}","{""trend_flat_vol_high"": 40.0, ""trend_flat_vol_low"": 0.0, ""trend_flat_vol_mid"": 4.166666666666666, ""trend_up_vol_high"": 21.052631578947366, ""trend_up_vol_low"": 0.0, ""trend_up_vol_mid"": 16.666666666666664}",,1,-17.28000,1.19000,short,-18.47000,500,-518.12696,-678.20731,-332.77864,0.52811,0.68163,100.00000,2,0.00000,-93.28009,-119.30240,0.38224,0.46034,-243.41454,-87.63686,0.48124,17,-146.30322,0.35263,24,artifacts\research\xagusd\candidates\forex_trend_continuation_looser_symbol_candidate_trades.csv,artifacts\research\xagusd\candidates\forex_trend_continuation_looser_symbol_candidate_analysis.txt
forex_breakout_momentum_patient,Forex breakout momentum with slower exits,auto_improved,900.16961,203,6.89655,1.85417,1.00025,5.51118,4.43433,0.03323,0.75455,0.89994,139.57310,-5.57595,25.03129,205.11330,stop_loss,69.95074,1,0.00000,0.00000,trend_flat_vol_low,compressed_range,1308.23689,trend_flat_vol_mid,orderly_range,-338.22230,55.17241,0.75794,0.25853,"{""trend_down_vol_high"": 3, ""trend_down_vol_mid"": 3, ""trend_flat_vol_high"": 5, ""trend_flat_vol_low"": 112, ""trend_flat_vol_mid"": 65, ""trend_up_vol_high"": 2, ""trend_up_vol_low"": 4, ""trend_up_vol_mid"": 9}","{""trend_down_vol_high"": 2.9358203931822016, ""trend_down_vol_mid"": -7.687076520595634, ""trend_flat_vol_high"": -4.892974422258083, ""trend_flat_vol_low"": 1308.2368906779216, ""trend_flat_vol_mid"": -338.2223043190863, ""trend_up_vol_high"": 11.386571556671274, ""trend_up_vol_low"": -22.263406908198085, ""trend_up_vol_mid"": -49.323915317869414}","{""trend_down_vol_high"": 1.5904531746171802, ""trend_down_vol_mid"": 0.3409654341562019, ""trend_flat_vol_high"": 0.7755116703626282, ""trend_flat_vol_low"": 3.2196296277237026, ""trend_flat_vol_mid"": 0.029412882410887187, ""trend_up_vol_high"": 2.9079627549292364, ""trend_up_vol_low"": 0.0, ""trend_up_vol_mid"": 0.0}","{""trend_down_vol_high"": 33.33333333333333, ""trend_down_vol_mid"": 33.33333333333333, ""trend_flat_vol_high"": 40.0, ""trend_flat_vol_low"": 2.6785714285714284, ""trend_flat_vol_mid"": 9.230769230769232, ""trend_up_vol_high"": 50.0, ""trend_up_vol_low"": 0.0, ""trend_up_vol_mid"": 0.0}",,1,-17.28000,1.19000,short,-18.47000,500,880.86209,-1052.83915,4672.79756,0.84939,1.05428,37.20000,2,0.00000,-553.44108,-962.78789,0.75683,0.63191,125.34986,-951.70996,0.63946,229,-966.90836,0.59735,230,artifacts\research\xagusd\candidates\forex_breakout_momentum_patient_symbol_candidate_trades.csv,artifacts\research\xagusd\candidates\forex_breakout_momentum_patient_symbol_candidate_analysis.txt
forex_breakout_momentum_patient__regime_trend_flat_vol_low,Forex breakout momentum with slower exits focused on compressed_range,regime_improved,327.04645,195,6.15385,1.30326,1.00112,5.50770,1.67716,0.01761,0.27253,0.32668,117.12344,-5.89309,19.87472,10.13333,stop_loss,88.20513,1,0.00000,0.00000,trend_flat_vol_low,compressed_range,327.04645,trend_flat_vol_low,compressed_range,327.04645,100.00000,1.00000,0.00000,"{""trend_flat_vol_low"": 195}","{""trend_flat_vol_low"": 327.04645162614594}","{""trend_flat_vol_low"": 1.30326029448462}","{""trend_flat_vol_low"": 6.153846153846154}",trend_flat_vol_low,1,-17.28000,1.19000,short,-18.47000,500,304.79096,-1062.08703,2971.87536,0.85036,1.06209,38.20000,2,0.00000,-237.07337,-172.99189,0.16828,0.55399,-565.42158,-239.79539,0.17267,56,5.06188,1.00944,66,artifacts\research\xagusd\candidates\forex_breakout_momentum_patient__regime_trend_flat_vol_low_symbol_candidate_trades.csv,artifacts\research\xagusd\candidates\forex_breakout_momentum_patient__regime_trend_flat_vol_low_symbol_candidate_analysis.txt
forex_breakout_momentum__5m_us__exit_trend__regime_trend_down_vol_mid,Forex breakout momentum [5m_us] with trend-runner exits focused on orderly_trend,regime_improved,-280.26507,23,26.08696,0.42595,0.30623,0.93716,-12.18544,-0.25384,-0.25301,-0.91523,34.65921,-28.71884,1.20685,1.47826,stop_loss,34.78261,1,0.00000,0.00000,trend_down_vol_mid,orderly_trend,-280.26507,trend_down_vol_mid,orderly_trend,-280.26507,100.00000,0.00000,999.00000,"{""trend_down_vol_mid"": 23}","{""trend_down_vol_mid"": -280.2650748211262}","{""trend_down_vol_mid"": 0.42594549000577003}","{""trend_down_vol_mid"": 26.08695652173913}",trend_down_vol_mid,1,-17.28000,1.19000,short,-18.47000,500,-259.52975,-582.85182,68.17421,0.33356,0.62667,89.80000,2,0.00000,22.43971,-66.66791,1.54501,0.00000,-315.83064,89.88846,2.29508,4,-63.92828,0.00000,3,artifacts\research\xagusd\candidates\forex_breakout_momentum__5m_us__exit_trend__regime_trend_down_vol_mid_symbol_candidate_trades.csv,artifacts\research\xagusd\candidates\forex_breakout_momentum__5m_us__exit_trend__regime_trend_down_vol_mid_symbol_candidate_analysis.txt
forex_breakout_momentum__5m_us__regime_trend_flat_vol_high,Forex breakout momentum [5m_us] focused on dislocated_chop,regime_improved,165.68175,43,37.20930,1.22919,0.04723,2.13606,3.85306,0.07078,0.10887,3.50785,55.53724,-26.77459,2.07425,1.44186,structure_exit,48.83721,1,0.00000,0.00000,trend_flat_vol_high,dislocated_chop,165.68175,trend_flat_vol_high,dislocated_chop,165.68175,100.00000,1.00000,0.00000,"{""trend_flat_vol_high"": 43}","{""trend_flat_vol_high"": 165.68175276393887}","{""trend_flat_vol_high"": 1.2291859620783663}","{""trend_flat_vol_high"": 37.2093023255814}",trend_flat_vol_high,1,-17.28000,1.19000,short,-18.47000,500,115.40164,-395.81168,732.14552,0.27376,0.58791,36.80000,2,50.00000,93.02147,2.53330,1.71515,0.73465,-10.42829,115.38172,1.96236,6,39.92462,1.46930,7,artifacts\research\xagusd\candidates\forex_breakout_momentum__5m_us__regime_trend_flat_vol_high_symbol_candidate_trades.csv,artifacts\research\xagusd\candidates\forex_breakout_momentum__5m_us__regime_trend_flat_vol_high_symbol_candidate_analysis.txt
forex_breakout_momentum__5m_us__exit_fastfail__regime_trend_flat_vol_high,Forex breakout momentum [5m_us] with fast-fail exits focused on dislocated_chop,regime_improved,165.68175,43,37.20930,1.22919,0.04723,2.13606,3.85306,0.07078,0.10887,3.50785,55.53724,-26.77459,2.07425,1.44186,structure_exit,48.83721,1,0.00000,0.00000,trend_flat_vol_high,dislocated_chop,165.68175,trend_flat_vol_high,dislocated_chop,165.68175,100.00000,1.00000,0.00000,"{""trend_flat_vol_high"": 43}","{""trend_flat_vol_high"": 165.68175276393887}","{""trend_flat_vol_high"": 1.2291859620783663}","{""trend_flat_vol_high"": 37.2093023255814}",trend_flat_vol_high,1,-17.28000,1.19000,short,-18.47000,500,115.40164,-395.81168,732.14552,0.27376,0.58791,36.80000,2,50.00000,93.02147,2.53330,1.71515,0.73465,-10.42829,115.38172,1.96236,6,39.92462,1.46930,7,artifacts\research\xagusd\candidates\forex_breakout_momentum__5m_us__exit_fastfail__regime_trend_flat_vol_high_symbol_candidate_trades.csv,artifacts\research\xagusd\candidates\forex_breakout_momentum__5m_us__exit_fastfail__regime_trend_flat_vol_high_symbol_candidate_analysis.txt
forex_breakout_momentum_patient__near_miss_patient,Forex breakout momentum with slower exits with patient near-miss optimization,near_miss_optimized,900.16961,203,6.89655,1.85417,1.00025,5.51118,4.43433,0.03323,0.75455,0.89994,139.57310,-5.57595,25.03129,205.11330,stop_loss,69.95074,1,0.00000,0.00000,trend_flat_vol_low,compressed_range,1308.23689,trend_flat_vol_mid,orderly_range,-338.22230,55.17241,0.75794,0.25853,"{""trend_down_vol_high"": 3, ""trend_down_vol_mid"": 3, ""trend_flat_vol_high"": 5, ""trend_flat_vol_low"": 112, ""trend_flat_vol_mid"": 65, ""trend_up_vol_high"": 2, ""trend_up_vol_low"": 4, ""trend_up_vol_mid"": 9}","{""trend_down_vol_high"": 2.9358203931822016, ""trend_down_vol_mid"": -7.687076520595634, ""trend_flat_vol_high"": -4.892974422258083, ""trend_flat_vol_low"": 1308.2368906779216, ""trend_flat_vol_mid"": -338.2223043190863, ""trend_up_vol_high"": 11.386571556671274, ""trend_up_vol_low"": -22.263406908198085, ""trend_up_vol_mid"": -49.323915317869414}","{""trend_down_vol_high"": 1.5904531746171802, ""trend_down_vol_mid"": 0.3409654341562019, ""trend_flat_vol_high"": 0.7755116703626282, ""trend_flat_vol_low"": 3.2196296277237026, ""trend_flat_vol_mid"": 0.029412882410887187, ""trend_up_vol_high"": 2.9079627549292364, ""trend_up_vol_low"": 0.0, ""trend_up_vol_mid"": 0.0}","{""trend_down_vol_high"": 33.33333333333333, ""trend_down_vol_mid"": 33.33333333333333, ""trend_flat_vol_high"": 40.0, ""trend_flat_vol_low"": 2.6785714285714284, ""trend_flat_vol_mid"": 9.230769230769232, ""trend_up_vol_high"": 50.0, ""trend_up_vol_low"": 0.0, ""trend_up_vol_mid"": 0.0}",,1,-17.28000,1.19000,short,-18.47000,500,880.86209,-1052.83915,4672.79756,0.84939,1.05428,37.20000,2,0.00000,-553.44108,-962.78789,0.75683,0.63191,125.34986,-951.70996,0.63946,229,-966.90836,0.59735,230,artifacts\research\xagusd\candidates\forex_breakout_momentum_patient__near_miss_patient_symbol_candidate_trades.csv,artifacts\research\xagusd\candidates\forex_breakout_momentum_patient__near_miss_patient_symbol_candidate_analysis.txt
forex_breakout_momentum_patient__near_miss_patient__trend_flat_vol_low,Forex breakout momentum with slower exits with patient near-miss optimization focused on trend_flat_vol_low,near_miss_optimized,327.04645,195,6.15385,1.30326,1.00112,5.50770,1.67716,0.01761,0.27253,0.32668,117.12344,-5.89309,19.87472,10.13333,stop_loss,88.20513,1,0.00000,0.00000,trend_flat_vol_low,compressed_range,327.04645,trend_flat_vol_low,compressed_range,327.04645,100.00000,1.00000,0.00000,"{""trend_flat_vol_low"": 195}","{""trend_flat_vol_low"": 327.04645162614594}","{""trend_flat_vol_low"": 1.30326029448462}","{""trend_flat_vol_low"": 6.153846153846154}",trend_flat_vol_low,1,-17.28000,1.19000,short,-18.47000,500,304.79096,-1062.08703,2971.87536,0.85036,1.06209,38.20000,2,0.00000,-237.07337,-172.99189,0.16828,0.55399,-565.42158,-239.79539,0.17267,56,5.06188,1.00944,66,artifacts\research\xagusd\candidates\forex_breakout_momentum_patient__near_miss_patient__trend_flat_vol_low_symbol_candidate_trades.csv,artifacts\research\xagusd\candidates\forex_breakout_momentum_patient__near_miss_patient__trend_flat_vol_low_symbol_candidate_analysis.txt
forex_breakout_momentum_patient__near_miss_patient__trend_flat,Forex breakout momentum with slower exits with patient near-miss optimization focused on trend_flat,near_miss_optimized,900.06968,170,5.29412,1.87816,1.00440,4.61923,5.29453,0.03622,0.77734,0.89613,213.89147,-6.36617,33.59813,68.74706,stop_loss,77.64706,1,0.00000,0.00000,trend_flat_vol_low,compressed_range,1343.77591,trend_flat_vol_mid,orderly_range,-380.73197,61.17647,0.75177,0.28333,"{""trend_flat_vol_high"": 6, ""trend_flat_vol_low"": 104, ""trend_flat_vol_mid"": 60}","{""trend_flat_vol_high"": -62.974260499597186, ""trend_flat_vol_low"": 1343.775908994361, ""trend_flat_vol_mid"": -380.7319654352386}","{""trend_flat_vol_high"": 0.0, ""trend_flat_vol_low"": 3.3820395374661762, ""trend_flat_vol_mid"": 0.04302869666625244}","{""trend_flat_vol_high"": 0.0, ""trend_flat_vol_low"": 3.8461538461538463, ""trend_flat_vol_mid"": 8.333333333333332}",trend_flat,1,-17.28000,1.19000,short,-18.47000,500,873.35262,-1056.08579,4745.51383,0.87794,1.05733,40.60000,2,0.00000,-387.52882,-462.75678,0.59397,0.74633,-902.82682,-213.24923,0.79450,120,-424.37811,0.77104,128,artifacts\research\xagusd\candidates\forex_breakout_momentum_patient__near_miss_patient__trend_flat_symbol_candidate_trades.csv,artifacts\research\xagusd\candidates\forex_breakout_momentum_patient__near_miss_patient__trend_flat_symbol_candidate_analysis.txt
forex_breakout_momentum_patient__near_miss_protective,Forex breakout momentum with slower exits with protective near-miss optimization,near_miss_optimized,900.16961,203,6.89655,1.85417,1.00025,5.51118,4.43433,0.03323,0.75455,0.89994,139.57310,-5.57595,25.03129,205.11330,stop_loss,69.95074,1,0.00000,0.00000,trend_flat_vol_low,compressed_range,1308.23689,trend_flat_vol_mid,orderly_range,-338.22230,55.17241,0.75794,0.25853,"{""trend_down_vol_high"": 3, ""trend_down_vol_mid"": 3, ""trend_flat_vol_high"": 5, ""trend_flat_vol_low"": 112, ""trend_flat_vol_mid"": 65, ""trend_up_vol_high"": 2, ""trend_up_vol_low"": 4, ""trend_up_vol_mid"": 9}","{""trend_down_vol_high"": 2.9358203931822016, ""trend_down_vol_mid"": -7.687076520595634, ""trend_flat_vol_high"": -4.892974422258083, ""trend_flat_vol_low"": 1308.2368906779216, ""trend_flat_vol_mid"": -338.2223043190863, ""trend_up_vol_high"": 11.386571556671274, ""trend_up_vol_low"": -22.263406908198085, ""trend_up_vol_mid"": -49.323915317869414}","{""trend_down_vol_high"": 1.5904531746171802, ""trend_down_vol_mid"": 0.3409654341562019, ""trend_flat_vol_high"": 0.7755116703626282, ""trend_flat_vol_low"": 3.2196296277237026, ""trend_flat_vol_mid"": 0.029412882410887187, ""trend_up_vol_high"": 2.9079627549292364, ""trend_up_vol_low"": 0.0, ""trend_up_vol_mid"": 0.0}","{""trend_down_vol_high"": 33.33333333333333, ""trend_down_vol_mid"": 33.33333333333333, ""trend_flat_vol_high"": 40.0, ""trend_flat_vol_low"": 2.6785714285714284, ""trend_flat_vol_mid"": 9.230769230769232, ""trend_up_vol_high"": 50.0, ""trend_up_vol_low"": 0.0, ""trend_up_vol_mid"": 0.0}",,1,-17.28000,1.19000,short,-18.47000,500,880.86209,-1052.83915,4672.79756,0.84939,1.05428,37.20000,2,0.00000,-553.44108,-962.78789,0.75683,0.63191,125.34986,-951.70996,0.63946,229,-966.90836,0.59735,230,artifacts\research\xagusd\candidates\forex_breakout_momentum_patient__near_miss_protective_symbol_candidate_trades.csv,artifacts\research\xagusd\candidates\forex_breakout_momentum_patient__near_miss_protective_symbol_candidate_analysis.txt
forex_breakout_momentum_patient__near_miss_protective__trend_flat_vol_low,Forex breakout momentum with slower exits with protective near-miss optimization focused on trend_flat_vol_low,near_miss_optimized,327.04645,195,6.15385,1.30326,1.00112,5.50770,1.67716,0.01761,0.27253,0.32668,117.12344,-5.89309,19.87472,10.13333,stop_loss,88.20513,1,0.00000,0.00000,trend_flat_vol_low,compressed_range,327.04645,trend_flat_vol_low,compressed_range,327.04645,100.00000,1.00000,0.00000,"{""trend_flat_vol_low"": 195}","{""trend_flat_vol_low"": 327.04645162614594}","{""trend_flat_vol_low"": 1.30326029448462}","{""trend_flat_vol_low"": 6.153846153846154}",trend_flat_vol_low,1,-17.28000,1.19000,short,-18.47000,500,304.79096,-1062.08703,2971.87536,0.85036,1.06209,38.20000,2,0.00000,-237.07337,-172.99189,0.16828,0.55399,-565.42158,-239.79539,0.17267,56,5.06188,1.00944,66,artifacts\research\xagusd\candidates\forex_breakout_momentum_patient__near_miss_protective__trend_flat_vol_low_symbol_candidate_trades.csv,artifacts\research\xagusd\candidates\forex_breakout_momentum_patient__near_miss_protective__trend_flat_vol_low_symbol_candidate_analysis.txt
forex_breakout_momentum_patient__near_miss_protective__trend_flat,Forex breakout momentum with slower exits with protective near-miss optimization focused on trend_flat,near_miss_optimized,900.06968,170,5.29412,1.87816,1.00440,4.61923,5.29453,0.03622,0.77734,0.89613,213.89147,-6.36617,33.59813,68.74706,stop_loss,77.64706,1,0.00000,0.00000,trend_flat_vol_low,compressed_range,1343.77591,trend_flat_vol_mid,orderly_range,-380.73197,61.17647,0.75177,0.28333,"{""trend_flat_vol_high"": 6, ""trend_flat_vol_low"": 104, ""trend_flat_vol_mid"": 60}","{""trend_flat_vol_high"": -62.974260499597186, ""trend_flat_vol_low"": 1343.775908994361, ""trend_flat_vol_mid"": -380.7319654352386}","{""trend_flat_vol_high"": 0.0, ""trend_flat_vol_low"": 3.3820395374661762, ""trend_flat_vol_mid"": 0.04302869666625244}","{""trend_flat_vol_high"": 0.0, ""trend_flat_vol_low"": 3.8461538461538463, ""trend_flat_vol_mid"": 8.333333333333332}",trend_flat,1,-17.28000,1.19000,short,-18.47000,500,873.35262,-1056.08579,4745.51383,0.87794,1.05733,40.60000,2,0.00000,-387.52882,-462.75678,0.59397,0.74633,-902.82682,-213.24923,0.79450,120,-424.37811,0.77104,128,artifacts\research\xagusd\candidates\forex_breakout_momentum_patient__near_miss_protective__trend_flat_symbol_candidate_trades.csv,artifacts\research\xagusd\candidates\forex_breakout_momentum_patient__near_miss_protective__trend_flat_symbol_candidate_analysis.txt
forex_breakout_momentum__5m_us__exit_trend__near_miss_patient,Forex breakout momentum [5m_us] with trend-runner exits with patient near-miss optimization,near_miss_optimized,440.56395,179,11.17318,1.38895,1.00726,5.57117,2.46125,0.02279,0.31394,0.43739,78.66357,-7.12395,11.04213,157.78212,stop_loss,42.45810,1,0.00000,0.00000,trend_flat_vol_mid,orderly_range,1058.65852,trend_flat_vol_low,compressed_range,-201.19559,32.96089,0.63137,0.19005,"{""trend_down_vol_high"": 8, ""trend_down_vol_mid"": 11, ""trend_flat_vol_high"": 16, ""trend_flat_vol_low"": 36, ""trend_flat_vol_mid"": 59, ""trend_up_vol_high"": 14, ""trend_up_vol_low"": 4, ""trend_up_vol_mid"": 31}","{""trend_down_vol_high"": -23.630374675516382, ""trend_down_vol_mid"": -69.15654604365695, ""trend_flat_vol_high"": -99.33338985729519, ""trend_flat_vol_low"": -201.1955877006838, ""trend_flat_vol_mid"": 1058.6585177352786, ""trend_up_vol_high"": -42.35692352374719, ""trend_up_vol_low"": -36.23495774281244, ""trend_up_vol_mid"": -146.18678785508814}","{""trend_down_vol_high"": 0.49319878419749424, ""trend_down_vol_mid"": 0.05438088990892391, ""trend_flat_vol_high"": 0.1486005172668211, ""trend_flat_vol_low"": 0.00423555828404076, ""trend_flat_vol_mid"": 3.687367337140793, ""trend_up_vol_high"": 0.5248217260524478, ""trend_up_vol_low"": 0.0, ""trend_up_vol_mid"": 0.16422804353621265}","{""trend_down_vol_high"": 25.0, ""trend_down_vol_mid"": 9.090909090909092, ""trend_flat_vol_high"": 18.75, ""trend_flat_vol_low"": 2.7777777777777777, ""trend_flat_vol_mid"": 6.779661016949152, ""trend_up_vol_high"": 28.57142857142857, ""trend_up_vol_low"": 0.0, ""trend_up_vol_mid"": 16.129032258064516}",,1,-17.28000,1.19000,short,-18.47000,500,419.28111,-1079.44090,3300.24828,0.78528,1.08479,37.60000,2,0.00000,-553.86286,-571.98272,0.38446,0.50287,-374.53365,-551.12842,0.49919,83,-458.12654,0.53242,82,artifacts\research\xagusd\candidates\forex_breakout_momentum__5m_us__exit_trend__near_miss_patient_symbol_candidate_trades.csv,artifacts\research\xagusd\candidates\forex_breakout_momentum__5m_us__exit_trend__near_miss_patient_symbol_candidate_analysis.txt
forex_breakout_momentum__5m_us__exit_trend__near_miss_patient__trend_down_vol_mid,Forex breakout momentum [5m_us] with trend-runner exits with patient near-miss optimization focused on trend_down_vol_mid,near_miss_optimized,-278.51584,23,26.08696,0.42748,0.30448,0.93717,-12.10938,-0.25217,-0.25146,-0.91474,34.65921,-28.61595,1.21119,1.39130,stop_loss,34.78261,1,0.00000,0.00000,trend_down_vol_mid,orderly_trend,-278.51584,trend_down_vol_mid,orderly_trend,-278.51584,100.00000,0.00000,999.00000,"{""trend_down_vol_mid"": 23}","{""trend_down_vol_mid"": -278.5158375988137}","{""trend_down_vol_mid"": 0.42747709123928535}","{""trend_down_vol_mid"": 26.08695652173913}",trend_down_vol_mid,1,-17.28000,1.19000,short,-18.47000,500,-257.62056,-582.76435,69.95360,0.33178,0.62659,89.80000,2,0.00000,22.43971,-66.66791,1.54501,0.00000,-315.83064,89.88846,2.29508,4,-63.92828,0.00000,3,artifacts\research\xagusd\candidates\forex_breakout_momentum__5m_us__exit_trend__near_miss_patient__trend_down_vol_mid_symbol_candidate_trades.csv,artifacts\research\xagusd\candidates\forex_breakout_momentum__5m_us__exit_trend__near_miss_patient__trend_down_vol_mid_symbol_candidate_analysis.txt
forex_breakout_momentum__5m_us__exit_trend__near_miss_patient__trend_down,Forex breakout momentum [5m_us] with trend-runner exits with patient near-miss optimization focused on trend_down,near_miss_optimized,-297.91952,73,24.65753,0.80470,0.49935,3.46823,-4.08109,-0.06928,-0.10164,-0.59661,68.19436,-27.73487,2.45879,1.68493,stop_loss,32.87671,1,0.00000,0.00000,trend_down_vol_low,orderly_trend,66.84122,trend_down_vol_mid,orderly_trend,-321.31098,58.90411,0.15487,4.80708,"{""trend_down_vol_high"": 43, ""trend_down_vol_low"": 1, ""trend_down_vol_mid"": 29}","{""trend_down_vol_high"": -43.449758853497585, ""trend_down_vol_low"": 66.84121551791216, ""trend_down_vol_mid"": -321.31097659605433}","{""trend_down_vol_high"": 0.9553163933308019, ""trend_down_vol_low"": 999.0, ""trend_down_vol_mid"": 0.4190000853740423}","{""trend_down_vol_high"": 27.906976744186046, ""trend_down_vol_low"": 100.0, ""trend_down_vol_mid"": 17.24137931034483}",trend_down,1,-17.28000,1.19000,short,-18.47000,500,-308.60611,-1128.56731,567.29970,0.63559,1.25688,70.80000,2,0.00000,-98.55069,89.80784,0.83742,1.39530,-253.05443,-145.72141,0.75846,19,102.52120,1.45098,12,artifacts\research\xagusd\candidates\forex_breakout_momentum__5m_us__exit_trend__near_miss_patient__trend_down_symbol_candidate_trades.csv,artifacts\research\xagusd\candidates\forex_breakout_momentum__5m_us__exit_trend__near_miss_patient__trend_down_symbol_candidate_analysis.txt
forex_breakout_momentum__5m_us__exit_trend__near_miss_protective,Forex breakout momentum [5m_us] with trend-runner exits with protective near-miss optimization,near_miss_optimized,403.49401,183,13.11475,1.35164,1.00188,5.71555,2.20489,0.02121,0.27504,0.40274,64.62352,-7.21680,8.95460,153.24044,stop_loss,48.63388,1,0.00000,0.00000,trend_down_vol_mid,orderly_trend,1324.73625,trend_flat_vol_mid,orderly_range,-391.21147,32.78689,0.58983,0.29531,"{""trend_down_vol_high"": 8, ""trend_down_vol_mid"": 13, ""trend_flat_vol_high"": 16, ""trend_flat_vol_low"": 36, ""trend_flat_vol_mid"": 60, ""trend_up_vol_high"": 14, ""trend_up_vol_low"": 4, ""trend_up_vol_mid"": 32}","{""trend_down_vol_high"": -6.287937071448323, ""trend_down_vol_mid"": 1324.73625253672, ""trend_flat_vol_high"": -91.78668069817617, ""trend_flat_vol_low"": -201.1955877006838, ""trend_flat_vol_mid"": -391.21147327931925, ""trend_up_vol_high"": -37.55901571397678, ""trend_up_vol_low"": -36.23495774281244, ""trend_up_vol_mid"": -156.96659184530355}","{""trend_down_vol_high"": 0.8309332835193417, ""trend_down_vol_mid"": 18.032012924282455, ""trend_flat_vol_high"": 0.1588773104833824, ""trend_flat_vol_low"": 0.00423555828404076, ""trend_flat_vol_mid"": 0.052972537028243234, ""trend_up_vol_high"": 0.5546772298193235, ""trend_up_vol_low"": 0.0, ""trend_up_vol_mid"": 0.1635306577187799}","{""trend_down_vol_high"": 37.5, ""trend_down_vol_mid"": 15.384615384615385, ""trend_flat_vol_high"": 18.75, ""trend_flat_vol_low"": 2.7777777777777777, ""trend_flat_vol_mid"": 8.333333333333332, ""trend_up_vol_high"": 28.57142857142857, ""trend_up_vol_low"": 0.0, ""trend_up_vol_mid"": 18.75}",,1,-17.28000,1.19000,short,-18.47000,500,367.64969,-1078.56956,3210.03913,0.81488,1.07872,35.80000,2,0.00000,-519.70275,-526.88975,0.42008,0.56376,-422.98848,-491.10460,0.53907,83,-425.56546,0.59897,81,artifacts\research\xagusd\candidates\forex_breakout_momentum__5m_us__exit_trend__near_miss_protective_symbol_candidate_trades.csv,artifacts\research\xagusd\candidates\forex_breakout_momentum__5m_us__exit_trend__near_miss_protective_symbol_candidate_analysis.txt
forex_breakout_momentum__5m_us__exit_trend__near_miss_protective__trend_down_vol_mid,Forex breakout momentum [5m_us] with trend-runner exits with protective near-miss optimization focused on trend_down_vol_mid,near_miss_optimized,-280.26507,23,26.08696,0.42595,0.30623,0.93716,-12.18544,-0.25384,-0.25301,-0.91523,34.65921,-28.71884,1.20685,1.47826,stop_loss,34.78261,1,0.00000,0.00000,trend_down_vol_mid,orderly_trend,-280.26507,trend_down_vol_mid,orderly_trend,-280.26507,100.00000,0.00000,999.00000,"{""trend_down_vol_mid"": 23}","{""trend_down_vol_mid"": -280.2650748211262}","{""trend_down_vol_mid"": 0.42594549000577003}","{""trend_down_vol_mid"": 26.08695652173913}",trend_down_vol_mid,1,-17.28000,1.19000,short,-18.47000,500,-259.52975,-582.85182,68.17421,0.33356,0.62667,89.80000,2,0.00000,22.43971,-66.66791,1.54501,0.00000,-315.83064,89.88846,2.29508,4,-63.92828,0.00000,3,artifacts\research\xagusd\candidates\forex_breakout_momentum__5m_us__exit_trend__near_miss_protective__trend_down_vol_mid_symbol_candidate_trades.csv,artifacts\research\xagusd\candidates\forex_breakout_momentum__5m_us__exit_trend__near_miss_protective__trend_down_vol_mid_symbol_candidate_analysis.txt
forex_breakout_momentum__5m_us__exit_trend__near_miss_protective__trend_down,Forex breakout momentum [5m_us] with trend-runner exits with protective near-miss optimization focused on trend_down,near_miss_optimized,-297.91952,73,24.65753,0.80470,0.49935,3.46823,-4.08109,-0.06928,-0.10164,-0.59661,68.19436,-27.73487,2.45879,1.68493,stop_loss,32.87671,1,0.00000,0.00000,trend_down_vol_low,orderly_trend,66.84122,trend_down_vol_mid,orderly_trend,-321.31098,58.90411,0.15487,4.80708,"{""trend_down_vol_high"": 43, ""trend_down_vol_low"": 1, ""trend_down_vol_mid"": 29}","{""trend_down_vol_high"": -43.449758853497585, ""trend_down_vol_low"": 66.84121551791216, ""trend_down_vol_mid"": -321.31097659605433}","{""trend_down_vol_high"": 0.9553163933308019, ""trend_down_vol_low"": 999.0, ""trend_down_vol_mid"": 0.4190000853740423}","{""trend_down_vol_high"": 27.906976744186046, ""trend_down_vol_low"": 100.0, ""trend_down_vol_mid"": 17.24137931034483}",trend_down,1,-17.28000,1.19000,short,-18.47000,500,-308.60611,-1128.56731,567.29970,0.63559,1.25688,70.80000,2,0.00000,-98.55069,89.80784,0.83742,1.39530,-253.05443,-145.72141,0.75846,19,102.52120,1.45098,12,artifacts\research\xagusd\candidates\forex_breakout_momentum__5m_us__exit_trend__near_miss_protective__trend_down_symbol_candidate_trades.csv,artifacts\research\xagusd\candidates\forex_breakout_momentum__5m_us__exit_trend__near_miss_protective__trend_down_symbol_candidate_analysis.txt
forex_breakout_momentum__5m_us__near_miss_patient,Forex breakout momentum [5m_us] with patient near-miss optimization,near_miss_optimized,403.49401,183,13.11475,1.35164,1.00188,5.71555,2.20489,0.02121,0.27504,0.40274,64.62352,-7.21680,8.95460,153.24044,stop_loss,48.63388,1,0.00000,0.00000,trend_down_vol_mid,orderly_trend,1324.73625,trend_flat_vol_mid,orderly_range,-391.21147,32.78689,0.58983,0.29531,"{""trend_down_vol_high"": 8, ""trend_down_vol_mid"": 13, ""trend_flat_vol_high"": 16, ""trend_flat_vol_low"": 36, ""trend_flat_vol_mid"": 60, ""trend_up_vol_high"": 14, ""trend_up_vol_low"": 4, ""trend_up_vol_mid"": 32}","{""trend_down_vol_high"": -6.287937071448323, ""trend_down_vol_mid"": 1324.73625253672, ""trend_flat_vol_high"": -91.78668069817617, ""trend_flat_vol_low"": -201.1955877006838, ""trend_flat_vol_mid"": -391.21147327931925, ""trend_up_vol_high"": -37.55901571397678, ""trend_up_vol_low"": -36.23495774281244, ""trend_up_vol_mid"": -156.96659184530355}","{""trend_down_vol_high"": 0.8309332835193417, ""trend_down_vol_mid"": 18.032012924282455, ""trend_flat_vol_high"": 0.1588773104833824, ""trend_flat_vol_low"": 0.00423555828404076, ""trend_flat_vol_mid"": 0.052972537028243234, ""trend_up_vol_high"": 0.5546772298193235, ""trend_up_vol_low"": 0.0, ""trend_up_vol_mid"": 0.1635306577187799}","{""trend_down_vol_high"": 37.5, ""trend_down_vol_mid"": 15.384615384615385, ""trend_flat_vol_high"": 18.75, ""trend_flat_vol_low"": 2.7777777777777777, ""trend_flat_vol_mid"": 8.333333333333332, ""trend_up_vol_high"": 28.57142857142857, ""trend_up_vol_low"": 0.0, ""trend_up_vol_mid"": 18.75}",,1,-17.28000,1.19000,short,-18.47000,500,367.64969,-1078.56956,3210.03913,0.81488,1.07872,35.80000,2,0.00000,-519.70275,-526.88975,0.42008,0.56376,-422.98848,-491.10460,0.53907,83,-425.56546,0.59897,81,artifacts\research\xagusd\candidates\forex_breakout_momentum__5m_us__near_miss_patient_symbol_candidate_trades.csv,artifacts\research\xagusd\candidates\forex_breakout_momentum__5m_us__near_miss_patient_symbol_candidate_analysis.txt
forex_breakout_momentum__5m_us__near_miss_patient__trend_flat_vol_high,Forex breakout momentum [5m_us] with patient near-miss optimization focused on trend_flat_vol_high,near_miss_optimized,154.98642,43,37.20930,1.21127,0.04723,2.13598,3.60434,0.06611,0.10140,3.28141,55.53724,-27.17072,2.04401,1.46512,take_profit,34.88372,1,0.00000,0.00000,trend_flat_vol_high,dislocated_chop,154.98642,trend_flat_vol_high,dislocated_chop,154.98642,100.00000,1.00000,0.00000,"{""trend_flat_vol_high"": 43}","{""trend_flat_vol_high"": 154.98641660465805}","{""trend_flat_vol_high"": 1.2112655847510811}","{""trend_flat_vol_high"": 37.2093023255814}",trend_flat_vol_high,1,-17.28000,1.19000,short,-18.47000,500,111.21246,-415.56370,724.71388,0.28115,0.60366,37.60000,2,50.00000,93.02147,2.53330,1.71515,0.73465,-21.12363,115.38172,1.96236,6,39.92462,1.46930,7,artifacts\research\xagusd\candidates\forex_breakout_momentum__5m_us__near_miss_patient__trend_flat_vol_high_symbol_candidate_trades.csv,artifacts\research\xagusd\candidates\forex_breakout_momentum__5m_us__near_miss_patient__trend_flat_vol_high_symbol_candidate_analysis.txt
forex_breakout_momentum__5m_us__near_miss_patient__trend_flat,Forex breakout momentum [5m_us] with patient near-miss optimization focused on trend_flat,near_miss_optimized,-895.45772,159,14.46541,0.40989,1.00700,5.83122,-5.63181,-0.25207,-0.29510,-0.88924,27.04302,-11.15770,2.42371,2.35220,stop_loss,48.42767,1,0.00000,0.00000,trend_flat_vol_low,compressed_range,-251.20228,trend_flat_vol_mid,orderly_range,-332.32004,45.28302,0.00000,999.00000,"{""trend_flat_vol_high"": 44, ""trend_flat_vol_low"": 43, ""trend_flat_vol_mid"": 72}","{""trend_flat_vol_high"": -311.93539310787105, ""trend_flat_vol_low"": -251.20228262117206, ""trend_flat_vol_mid"": -332.32004192479104}","{""trend_flat_vol_high"": 0.5316108720797637, ""trend_flat_vol_low"": 0.01703840010243088, ""trend_flat_vol_mid"": 0.44233728450512144}","{""trend_flat_vol_high"": 22.727272727272727, ""trend_flat_vol_low"": 2.3255813953488373, ""trend_flat_vol_mid"": 16.666666666666664}",trend_flat,1,-17.28000,1.19000,short,-18.47000,500,-878.95802,-1354.80158,-434.70560,0.93767,1.38518,100.00000,2,0.00000,-94.61897,-242.48892,0.72508,0.68215,-611.97701,8.56368,1.02164,44,-252.64460,0.65942,38,artifacts\research\xagusd\candidates\forex_breakout_momentum__5m_us__near_miss_patient__trend_flat_symbol_candidate_trades.csv,artifacts\research\xagusd\candidates\forex_breakout_momentum__5m_us__near_miss_patient__trend_flat_symbol_candidate_analysis.txt
forex_breakout_momentum__5m_us__near_miss_protective,Forex breakout momentum [5m_us] with protective near-miss optimization,near_miss_optimized,403.49401,183,13.11475,1.35164,1.00188,5.71555,2.20489,0.02121,0.27504,0.40274,64.62352,-7.21680,8.95460,153.24044,stop_loss,48.63388,1,0.00000,0.00000,trend_down_vol_mid,orderly_trend,1324.73625,trend_flat_vol_mid,orderly_range,-391.21147,32.78689,0.58983,0.29531,"{""trend_down_vol_high"": 8, ""trend_down_vol_mid"": 13, ""trend_flat_vol_high"": 16, ""trend_flat_vol_low"": 36, ""trend_flat_vol_mid"": 60, ""trend_up_vol_high"": 14, ""trend_up_vol_low"": 4, ""trend_up_vol_mid"": 32}","{""trend_down_vol_high"": -6.287937071448323, ""trend_down_vol_mid"": 1324.73625253672, ""trend_flat_vol_high"": -91.78668069817617, ""trend_flat_vol_low"": -201.1955877006838, ""trend_flat_vol_mid"": -391.21147327931925, ""trend_up_vol_high"": -37.55901571397678, ""trend_up_vol_low"": -36.23495774281244, ""trend_up_vol_mid"": -156.96659184530355}","{""trend_down_vol_high"": 0.8309332835193417, ""trend_down_vol_mid"": 18.032012924282455, ""trend_flat_vol_high"": 0.1588773104833824, ""trend_flat_vol_low"": 0.00423555828404076, ""trend_flat_vol_mid"": 0.052972537028243234, ""trend_up_vol_high"": 0.5546772298193235, ""trend_up_vol_low"": 0.0, ""trend_up_vol_mid"": 0.1635306577187799}","{""trend_down_vol_high"": 37.5, ""trend_down_vol_mid"": 15.384615384615385, ""trend_flat_vol_high"": 18.75, ""trend_flat_vol_low"": 2.7777777777777777, ""trend_flat_vol_mid"": 8.333333333333332, ""trend_up_vol_high"": 28.57142857142857, ""trend_up_vol_low"": 0.0, ""trend_up_vol_mid"": 18.75}",,1,-17.28000,1.19000,short,-18.47000,500,367.64969,-1078.56956,3210.03913,0.81488,1.07872,35.80000,2,0.00000,-519.70275,-526.88975,0.42008,0.56376,-422.98848,-491.10460,0.53907,83,-425.56546,0.59897,81,artifacts\research\xagusd\candidates\forex_breakout_momentum__5m_us__near_miss_protective_symbol_candidate_trades.csv,artifacts\research\xagusd\candidates\forex_breakout_momentum__5m_us__near_miss_protective_symbol_candidate_analysis.txt
forex_breakout_momentum__5m_us__near_miss_protective__trend_flat_vol_high,Forex breakout momentum [5m_us] with protective near-miss optimization focused on trend_flat_vol_high,near_miss_optimized,154.98642,43,37.20930,1.21127,0.04723,2.13598,3.60434,0.06611,0.10140,3.28141,55.53724,-27.17072,2.04401,1.46512,take_profit,34.88372,1,0.00000,0.00000,trend_flat_vol_high,dislocated_chop,154.98642,trend_flat_vol_high,dislocated_chop,154.98642,100.00000,1.00000,0.00000,"{""trend_flat_vol_high"": 43}","{""trend_flat_vol_high"": 154.98641660465805}","{""trend_flat_vol_high"": 1.2112655847510811}","{""trend_flat_vol_high"": 37.2093023255814}",trend_flat_vol_high,1,-17.28000,1.19000,short,-18.47000,500,111.21246,-415.56370,724.71388,0.28115,0.60366,37.60000,2,50.00000,93.02147,2.53330,1.71515,0.73465,-21.12363,115.38172,1.96236,6,39.92462,1.46930,7,artifacts\research\xagusd\candidates\forex_breakout_momentum__5m_us__near_miss_protective__trend_flat_vol_high_symbol_candidate_trades.csv,artifacts\research\xagusd\candidates\forex_breakout_momentum__5m_us__near_miss_protective__trend_flat_vol_high_symbol_candidate_analysis.txt
forex_breakout_momentum__5m_us__near_miss_protective__trend_flat,Forex breakout momentum [5m_us] with protective near-miss optimization focused on trend_flat,near_miss_optimized,-895.45772,159,14.46541,0.40989,1.00700,5.83122,-5.63181,-0.25207,-0.29510,-0.88924,27.04302,-11.15770,2.42371,2.35220,stop_loss,48.42767,1,0.00000,0.00000,trend_flat_vol_low,compressed_range,-251.20228,trend_flat_vol_mid,orderly_range,-332.32004,45.28302,0.00000,999.00000,"{""trend_flat_vol_high"": 44, ""trend_flat_vol_low"": 43, ""trend_flat_vol_mid"": 72}","{""trend_flat_vol_high"": -311.93539310787105, ""trend_flat_vol_low"": -251.20228262117206, ""trend_flat_vol_mid"": -332.32004192479104}","{""trend_flat_vol_high"": 0.5316108720797637, ""trend_flat_vol_low"": 0.01703840010243088, ""trend_flat_vol_mid"": 0.44233728450512144}","{""trend_flat_vol_high"": 22.727272727272727, ""trend_flat_vol_low"": 2.3255813953488373, ""trend_flat_vol_mid"": 16.666666666666664}",trend_flat,1,-17.28000,1.19000,short,-18.47000,500,-878.95802,-1354.80158,-434.70560,0.93767,1.38518,100.00000,2,0.00000,-94.61897,-242.48892,0.72508,0.68215,-611.97701,8.56368,1.02164,44,-252.64460,0.65942,38,artifacts\research\xagusd\candidates\forex_breakout_momentum__5m_us__near_miss_protective__trend_flat_symbol_candidate_trades.csv,artifacts\research\xagusd\candidates\forex_breakout_momentum__5m_us__near_miss_protective__trend_flat_symbol_candidate_analysis.txt
forex_breakout_momentum__5m_us__exit_fastfail__near_miss_patient,Forex breakout momentum [5m_us] with fast-fail exits with patient near-miss optimization,near_miss_optimized,403.49401,183,13.11475,1.35164,1.00188,5.71555,2.20489,0.02121,0.27504,0.40274,64.62352,-7.21680,8.95460,153.24044,stop_loss,48.63388,1,0.00000,0.00000,trend_down_vol_mid,orderly_trend,1324.73625,trend_flat_vol_mid,orderly_range,-391.21147,32.78689,0.58983,0.29531,"{""trend_down_vol_high"": 8, ""trend_down_vol_mid"": 13, ""trend_flat_vol_high"": 16, ""trend_flat_vol_low"": 36, ""trend_flat_vol_mid"": 60, ""trend_up_vol_high"": 14, ""trend_up_vol_low"": 4, ""trend_up_vol_mid"": 32}","{""trend_down_vol_high"": -6.287937071448323, ""trend_down_vol_mid"": 1324.73625253672, ""trend_flat_vol_high"": -91.78668069817617, ""trend_flat_vol_low"": -201.1955877006838, ""trend_flat_vol_mid"": -391.21147327931925, ""trend_up_vol_high"": -37.55901571397678, ""trend_up_vol_low"": -36.23495774281244, ""trend_up_vol_mid"": -156.96659184530355}","{""trend_down_vol_high"": 0.8309332835193417, ""trend_down_vol_mid"": 18.032012924282455, ""trend_flat_vol_high"": 0.1588773104833824, ""trend_flat_vol_low"": 0.00423555828404076, ""trend_flat_vol_mid"": 0.052972537028243234, ""trend_up_vol_high"": 0.5546772298193235, ""trend_up_vol_low"": 0.0, ""trend_up_vol_mid"": 0.1635306577187799}","{""trend_down_vol_high"": 37.5, ""trend_down_vol_mid"": 15.384615384615385, ""trend_flat_vol_high"": 18.75, ""trend_flat_vol_low"": 2.7777777777777777, ""trend_flat_vol_mid"": 8.333333333333332, ""trend_up_vol_high"": 28.57142857142857, ""trend_up_vol_low"": 0.0, ""trend_up_vol_mid"": 18.75}",,1,-17.28000,1.19000,short,-18.47000,500,367.64969,-1078.56956,3210.03913,0.81488,1.07872,35.80000,2,0.00000,-519.70275,-526.88975,0.42008,0.56376,-422.98848,-491.10460,0.53907,83,-425.56546,0.59897,81,artifacts\research\xagusd\candidates\forex_breakout_momentum__5m_us__exit_fastfail__near_miss_patient_symbol_candidate_trades.csv,artifacts\research\xagusd\candidates\forex_breakout_momentum__5m_us__exit_fastfail__near_miss_patient_symbol_candidate_analysis.txt
forex_breakout_momentum__5m_us__exit_fastfail__near_miss_patient__trend_flat_vol_high,Forex breakout momentum [5m_us] with fast-fail exits with patient near-miss optimization focused on trend_flat_vol_high,near_miss_optimized,154.98642,43,37.20930,1.21127,0.04723,2.13598,3.60434,0.06611,0.10140,3.28141,55.53724,-27.17072,2.04401,1.46512,take_profit,34.88372,1,0.00000,0.00000,trend_flat_vol_high,dislocated_chop,154.98642,trend_flat_vol_high,dislocated_chop,154.98642,100.00000,1.00000,0.00000,"{""trend_flat_vol_high"": 43}","{""trend_flat_vol_high"": 154.98641660465805}","{""trend_flat_vol_high"": 1.2112655847510811}","{""trend_flat_vol_high"": 37.2093023255814}",trend_flat_vol_high,1,-17.28000,1.19000,short,-18.47000,500,111.21246,-415.56370,724.71388,0.28115,0.60366,37.60000,2,50.00000,93.02147,2.53330,1.71515,0.73465,-21.12363,115.38172,1.96236,6,39.92462,1.46930,7,artifacts\research\xagusd\candidates\forex_breakout_momentum__5m_us__exit_fastfail__near_miss_patient__trend_flat_vol_high_symbol_candidate_trades.csv,artifacts\research\xagusd\candidates\forex_breakout_momentum__5m_us__exit_fastfail__near_miss_patient__trend_flat_vol_high_symbol_candidate_analysis.txt
forex_breakout_momentum__5m_us__exit_fastfail__near_miss_patient__trend_flat,Forex breakout momentum [5m_us] with fast-fail exits with patient near-miss optimization focused on trend_flat,near_miss_optimized,-895.45772,159,14.46541,0.40989,1.00700,5.83122,-5.63181,-0.25207,-0.29510,-0.88924,27.04302,-11.15770,2.42371,2.35220,stop_loss,48.42767,1,0.00000,0.00000,trend_flat_vol_low,compressed_range,-251.20228,trend_flat_vol_mid,orderly_range,-332.32004,45.28302,0.00000,999.00000,"{""trend_flat_vol_high"": 44, ""trend_flat_vol_low"": 43, ""trend_flat_vol_mid"": 72}","{""trend_flat_vol_high"": -311.93539310787105, ""trend_flat_vol_low"": -251.20228262117206, ""trend_flat_vol_mid"": -332.32004192479104}","{""trend_flat_vol_high"": 0.5316108720797637, ""trend_flat_vol_low"": 0.01703840010243088, ""trend_flat_vol_mid"": 0.44233728450512144}","{""trend_flat_vol_high"": 22.727272727272727, ""trend_flat_vol_low"": 2.3255813953488373, ""trend_flat_vol_mid"": 16.666666666666664}",trend_flat,1,-17.28000,1.19000,short,-18.47000,500,-878.95802,-1354.80158,-434.70560,0.93767,1.38518,100.00000,2,0.00000,-94.61897,-242.48892,0.72508,0.68215,-611.97701,8.56368,1.02164,44,-252.64460,0.65942,38,artifacts\research\xagusd\candidates\forex_breakout_momentum__5m_us__exit_fastfail__near_miss_patient__trend_flat_symbol_candidate_trades.csv,artifacts\research\xagusd\candidates\forex_breakout_momentum__5m_us__exit_fastfail__near_miss_patient__trend_flat_symbol_candidate_analysis.txt
forex_breakout_momentum__5m_us__exit_fastfail__near_miss_protective,Forex breakout momentum [5m_us] with fast-fail exits with protective near-miss optimization,near_miss_optimized,403.49401,183,13.11475,1.35164,1.00188,5.71555,2.20489,0.02121,0.27504,0.40274,64.62352,-7.21680,8.95460,153.24044,stop_loss,48.63388,1,0.00000,0.00000,trend_down_vol_mid,orderly_trend,1324.73625,trend_flat_vol_mid,orderly_range,-391.21147,32.78689,0.58983,0.29531,"{""trend_down_vol_high"": 8, ""trend_down_vol_mid"": 13, ""trend_flat_vol_high"": 16, ""trend_flat_vol_low"": 36, ""trend_flat_vol_mid"": 60, ""trend_up_vol_high"": 14, ""trend_up_vol_low"": 4, ""trend_up_vol_mid"": 32}","{""trend_down_vol_high"": -6.287937071448323, ""trend_down_vol_mid"": 1324.73625253672, ""trend_flat_vol_high"": -91.78668069817617, ""trend_flat_vol_low"": -201.1955877006838, ""trend_flat_vol_mid"": -391.21147327931925, ""trend_up_vol_high"": -37.55901571397678, ""trend_up_vol_low"": -36.23495774281244, ""trend_up_vol_mid"": -156.96659184530355}","{""trend_down_vol_high"": 0.8309332835193417, ""trend_down_vol_mid"": 18.032012924282455, ""trend_flat_vol_high"": 0.1588773104833824, ""trend_flat_vol_low"": 0.00423555828404076, ""trend_flat_vol_mid"": 0.052972537028243234, ""trend_up_vol_high"": 0.5546772298193235, ""trend_up_vol_low"": 0.0, ""trend_up_vol_mid"": 0.1635306577187799}","{""trend_down_vol_high"": 37.5, ""trend_down_vol_mid"": 15.384615384615385, ""trend_flat_vol_high"": 18.75, ""trend_flat_vol_low"": 2.7777777777777777, ""trend_flat_vol_mid"": 8.333333333333332, ""trend_up_vol_high"": 28.57142857142857, ""trend_up_vol_low"": 0.0, ""trend_up_vol_mid"": 18.75}",,1,-17.28000,1.19000,short,-18.47000,500,367.64969,-1078.56956,3210.03913,0.81488,1.07872,35.80000,2,0.00000,-519.70275,-526.88975,0.42008,0.56376,-422.98848,-491.10460,0.53907,83,-425.56546,0.59897,81,artifacts\research\xagusd\candidates\forex_breakout_momentum__5m_us__exit_fastfail__near_miss_protective_symbol_candidate_trades.csv,artifacts\research\xagusd\candidates\forex_breakout_momentum__5m_us__exit_fastfail__near_miss_protective_symbol_candidate_analysis.txt
forex_breakout_momentum__5m_us__exit_fastfail__near_miss_protective__trend_flat_vol_high,Forex breakout momentum [5m_us] with fast-fail exits with protective near-miss optimization focused on trend_flat_vol_high,near_miss_optimized,154.98642,43,37.20930,1.21127,0.04723,2.13598,3.60434,0.06611,0.10140,3.28141,55.53724,-27.17072,2.04401,1.46512,take_profit,34.88372,1,0.00000,0.00000,trend_flat_vol_high,dislocated_chop,154.98642,trend_flat_vol_high,dislocated_chop,154.98642,100.00000,1.00000,0.00000,"{""trend_flat_vol_high"": 43}","{""trend_flat_vol_high"": 154.98641660465805}","{""trend_flat_vol_high"": 1.2112655847510811}","{""trend_flat_vol_high"": 37.2093023255814}",trend_flat_vol_high,1,-17.28000,1.19000,short,-18.47000,500,111.21246,-415.56370,724.71388,0.28115,0.60366,37.60000,2,50.00000,93.02147,2.53330,1.71515,0.73465,-21.12363,115.38172,1.96236,6,39.92462,1.46930,7,artifacts\research\xagusd\candidates\forex_breakout_momentum__5m_us__exit_fastfail__near_miss_protective__trend_flat_vol_high_symbol_candidate_trades.csv,artifacts\research\xagusd\candidates\forex_breakout_momentum__5m_us__exit_fastfail__near_miss_protective__trend_flat_vol_high_symbol_candidate_analysis.txt
forex_breakout_momentum__5m_us__exit_fastfail__near_miss_protective__trend_flat,Forex breakout momentum [5m_us] with fast-fail exits with protective near-miss optimization focused on trend_flat,near_miss_optimized,-895.45772,159,14.46541,0.40989,1.00700,5.83122,-5.63181,-0.25207,-0.29510,-0.88924,27.04302,-11.15770,2.42371,2.35220,stop_loss,48.42767,1,0.00000,0.00000,trend_flat_vol_low,compressed_range,-251.20228,trend_flat_vol_mid,orderly_range,-332.32004,45.28302,0.00000,999.00000,"{""trend_flat_vol_high"": 44, ""trend_flat_vol_low"": 43, ""trend_flat_vol_mid"": 72}","{""trend_flat_vol_high"": -311.93539310787105, ""trend_flat_vol_low"": -251.20228262117206, ""trend_flat_vol_mid"": -332.32004192479104}","{""trend_flat_vol_high"": 0.5316108720797637, ""trend_flat_vol_low"": 0.01703840010243088, ""trend_flat_vol_mid"": 0.44233728450512144}","{""trend_flat_vol_high"": 22.727272727272727, ""trend_flat_vol_low"": 2.3255813953488373, ""trend_flat_vol_mid"": 16.666666666666664}",trend_flat,1,-17.28000,1.19000,short,-18.47000,500,-878.95802,-1354.80158,-434.70560,0.93767,1.38518,100.00000,2,0.00000,-94.61897,-242.48892,0.72508,0.68215,-611.97701,8.56368,1.02164,44,-252.64460,0.65942,38,artifacts\research\xagusd\candidates\forex_breakout_momentum__5m_us__exit_fastfail__near_miss_protective__trend_flat_symbol_candidate_trades.csv,artifacts\research\xagusd\candidates\forex_breakout_momentum__5m_us__exit_fastfail__near_miss_protective__trend_flat_symbol_candidate_analysis.txt
forex_breakout_momentum_patient__plus__forex_breakout_momentum_patient__near_miss_patient,Combined forex_breakout_momentum_patient + forex_breakout_momentum_patient__near_miss_patient,combined,-1000.19961,193,4.14508,0.03615,1.00020,5.14855,-5.18238,-1.84078,-0.88916,-1.00000,4.68976,-5.60928,0.83607,2.09326,stop_loss,46.11399,2,-34.51360,100.00000,trend_up_vol_high,trend_expansion,11.38657,trend_flat_vol_low,compressed_range,-570.12764,55.95855,0.01113,50.07018,"{""trend_down_vol_high"": 3, ""trend_down_vol_mid"": 5, ""trend_flat_vol_high"": 2, ""trend_flat_vol_low"": 108, ""trend_flat_vol_mid"": 61, ""trend_up_vol_high"": 2, ""trend_up_vol_low"": 3, ""trend_up_vol_mid"": 9}","{""trend_down_vol_high"": -15.042667495257245, ""trend_down_vol_mid"": -14.155686914727381, ""trend_flat_vol_high"": -1.1707729910412503, ""trend_flat_vol_low"": -570.1276408899326, ""trend_flat_vol_mid"": -341.64035592612777, ""trend_up_vol_high"": 11.386571556671274, ""trend_up_vol_low"": -14.792732875901905, ""trend_up_vol_mid"": -54.656321025243614}","{""trend_down_vol_high"": 0.0, ""trend_down_vol_mid"": 0.2193307363890335, ""trend_flat_vol_high"": 0.8894794692069666, ""trend_flat_vol_low"": 0.004402981094522681, ""trend_flat_vol_mid"": 0.012266099653093747, ""trend_up_vol_high"": 2.9079627549292364, ""trend_up_vol_low"": 0.0, ""trend_up_vol_mid"": 0.0}","{""trend_down_vol_high"": 0.0, ""trend_down_vol_mid"": 20.0, ""trend_flat_vol_high"": 50.0, ""trend_flat_vol_low"": 2.7777777777777777, ""trend_flat_vol_mid"": 3.278688524590164, ""trend_up_vol_high"": 50.0, ""trend_up_vol_low"": 0.0, ""trend_up_vol_mid"": 0.0}",,1,-17.28000,1.19000,short,-18.47000,500,-1002.82125,-1060.29153,-929.86532,1.00445,1.06029,100.00000,2,0.00000,-986.92267,-989.72982,0.32002,0.61982,208.74312,-973.79629,0.39672,158,-1001.42196,0.55590,209,artifacts\research\xagusd\candidates\forex_breakout_momentum_patient__plus__forex_breakout_momentum_patient__near_miss_patient_symbol_candidate_trades.csv,artifacts\research\xagusd\candidates\forex_breakout_momentum_patient__plus__forex_breakout_momentum_patient__near_miss_patient_symbol_candidate_analysis.txt
forex_breakout_momentum_patient__plus__forex_breakout_momentum_patient__near_miss_protective,Combined forex_breakout_momentum_patient + forex_breakout_momentum_patient__near_miss_protective,combined,-1000.19961,193,4.14508,0.03615,1.00020,5.14855,-5.18238,-1.84078,-0.88916,-1.00000,4.68976,-5.60928,0.83607,2.09326,stop_loss,46.11399,2,-34.51360,100.00000,trend_up_vol_high,trend_expansion,11.38657,trend_flat_vol_low,compressed_range,-570.12764,55.95855,0.01113,50.07018,"{""trend_down_vol_high"": 3, ""trend_down_vol_mid"": 5, ""trend_flat_vol_high"": 2, ""trend_flat_vol_low"": 108, ""trend_flat_vol_mid"": 61, ""trend_up_vol_high"": 2, ""trend_up_vol_low"": 3, ""trend_up_vol_mid"": 9}","{""trend_down_vol_high"": -15.042667495257245, ""trend_down_vol_mid"": -14.155686914727381, ""trend_flat_vol_high"": -1.1707729910412503, ""trend_flat_vol_low"": -570.1276408899326, ""trend_flat_vol_mid"": -341.64035592612777, ""trend_up_vol_high"": 11.386571556671274, ""trend_up_vol_low"": -14.792732875901905, ""trend_up_vol_mid"": -54.656321025243614}","{""trend_down_vol_high"": 0.0, ""trend_down_vol_mid"": 0.2193307363890335, ""trend_flat_vol_high"": 0.8894794692069666, ""trend_flat_vol_low"": 0.004402981094522681, ""trend_flat_vol_mid"": 0.012266099653093747, ""trend_up_vol_high"": 2.9079627549292364, ""trend_up_vol_low"": 0.0, ""trend_up_vol_mid"": 0.0}","{""trend_down_vol_high"": 0.0, ""trend_down_vol_mid"": 20.0, ""trend_flat_vol_high"": 50.0, ""trend_flat_vol_low"": 2.7777777777777777, ""trend_flat_vol_mid"": 3.278688524590164, ""trend_up_vol_high"": 50.0, ""trend_up_vol_low"": 0.0, ""trend_up_vol_mid"": 0.0}",,1,-17.28000,1.19000,short,-18.47000,500,-1002.82125,-1060.29153,-929.86532,1.00445,1.06029,100.00000,2,0.00000,-986.92267,-989.72982,0.32002,0.61982,208.74312,-973.79629,0.39672,158,-1001.42196,0.55590,209,artifacts\research\xagusd\candidates\forex_breakout_momentum_patient__plus__forex_breakout_momentum_patient__near_miss_protective_symbol_candidate_trades.csv,artifacts\research\xagusd\candidates\forex_breakout_momentum_patient__plus__forex_breakout_momentum_patient__near_miss_protective_symbol_candidate_analysis.txt
forex_breakout_momentum_patient__near_miss_patient__plus__forex_breakout_momentum_patient__near_miss_protective,Combined forex_breakout_momentum_patient__near_miss_patient + forex_breakout_momentum_patient__near_miss_protective,combined,-1000.19961,193,4.14508,0.03615,1.00020,5.14855,-5.18238,-1.84078,-0.88916,-1.00000,4.68976,-5.60928,0.83607,2.09326,stop_loss,46.11399,2,-34.51360,100.00000,trend_up_vol_high,trend_expansion,11.38657,trend_flat_vol_low,compressed_range,-570.12764,55.95855,0.01113,50.07018,"{""trend_down_vol_high"": 3, ""trend_down_vol_mid"": 5, ""trend_flat_vol_high"": 2, ""trend_flat_vol_low"": 108, ""trend_flat_vol_mid"": 61, ""trend_up_vol_high"": 2, ""trend_up_vol_low"": 3, ""trend_up_vol_mid"": 9}","{""trend_down_vol_high"": -15.042667495257245, ""trend_down_vol_mid"": -14.155686914727381, ""trend_flat_vol_high"": -1.1707729910412503, ""trend_flat_vol_low"": -570.1276408899326, ""trend_flat_vol_mid"": -341.64035592612777, ""trend_up_vol_high"": 11.386571556671274, ""trend_up_vol_low"": -14.792732875901905, ""trend_up_vol_mid"": -54.656321025243614}","{""trend_down_vol_high"": 0.0, ""trend_down_vol_mid"": 0.2193307363890335, ""trend_flat_vol_high"": 0.8894794692069666, ""trend_flat_vol_low"": 0.004402981094522681, ""trend_flat_vol_mid"": 0.012266099653093747, ""trend_up_vol_high"": 2.9079627549292364, ""trend_up_vol_low"": 0.0, ""trend_up_vol_mid"": 0.0}","{""trend_down_vol_high"": 0.0, ""trend_down_vol_mid"": 20.0, ""trend_flat_vol_high"": 50.0, ""trend_flat_vol_low"": 2.7777777777777777, ""trend_flat_vol_mid"": 3.278688524590164, ""trend_up_vol_high"": 50.0, ""trend_up_vol_low"": 0.0, ""trend_up_vol_mid"": 0.0}",,1,-17.28000,1.19000,short,-18.47000,500,-1002.82125,-1060.29153,-929.86532,1.00445,1.06029,100.00000,2,0.00000,-986.92267,-989.72982,0.32002,0.61982,208.74312,-973.79629,0.39672,158,-1001.42196,0.55590,209,artifacts\research\xagusd\candidates\forex_breakout_momentum_patient__near_miss_patient__plus__forex_breakout_momentum_patient__near_miss_protectiv_trades.csv,artifacts\research\xagusd\candidates\forex_breakout_momentum_patient__near_miss_patient__plus__forex_breakout_momentum_patient__near_miss_protectiv_analysis.txt
